timestamp,user,ip_address,user_agent,event_type,resource,status,bytes_out
2025-02-14 23:16:50,bob,192.168.1.10,Chrome,LOGIN_FAILED,/login,FAIL,0
2025-02-14 03:43:54,bob,45.33.32.156,Chrome,LOGIN_SUCCESS,/login,SUCCESS,0
2025-02-14 18:23:57,alice,185.220.101.1,Firefox,LOGIN_SUCCESS,/login,SUCCESS,0
2025-02-14 16:21:18,eva,192.168.1.10,Edge,FILE_ACCESS,/payroll,SUCCESS,91895
2025-02-14 12:15:18,bob,192.168.1.20,python-requests,LOGIN_SUCCESS,/login,SUCCESS,0
2025-02-14 21:58:51,eva,192.168.1.10,Chrome,LOGIN_FAILED,/login,FAIL,0
2025-02-14 13:46:55,bob,185.220.101.1,Edge,LOGIN_SUCCESS,/login,SUCCESS,0
2025-02-14 02:31:56,alice,172.16.0.8,python-requests,FILE_ACCESS,/admin,SUCCESS,164132
2025-02-14 03:40:38,grace,203.0.113.5,Chrome,LOGIN_SUCCESS,/login,SUCCESS,0
2025-02-14 12:56:06,david,203.0.113.5,Edge,LOGIN_FAILED,/login,FAIL,0
2025-02-14 06:13:51,david,10.0.0.5,Unknown,LOGIN_FAILED,/login,FAIL,0
2025-02-14 23:18:06,david,198.51.100.77,Chrome,FILE_ACCESS,/home,SUCCESS,196768
2025-02-14 09:44:53,bob,172.16.0.8,Chrome,API_KEY_CREATE,/vault,SUCCESS,0
2025-02-14 18:10:35,grace,104.26.3.2,Chrome,LOGIN_SUCCESS,/login,SUCCESS,0
2025-02-14 20:26:19,eva,45.33.32.156,Firefox,PASSWORD_CHANGE,/api/v1/token,SUCCESS,0
2025-02-14 05:02:11,henry,192.168.1.20,Chrome,FILE_ACCESS,/admin,SUCCESS,135696
2025-02-14 05:49:29,grace,192.168.1.20,Firefox,LOGIN_SUCCESS,/login,SUCCESS,0
2025-02-14 20:08:32,alice,192.168.1.20,curl,LOGIN_FAILED,/login,FAIL,0
2025-02-14 23:20:12,frank,192.168.1.20,Firefox,LOGIN_SUCCESS,/login,SUCCESS,0
2025-02-14 09:35:22,charlie,185.220.101.1,python-requests,API_KEY_CREATE,/finance,SUCCESS,0
2025-02-14 18:29:00,david,10.0.0.5,Firefox,LOGIN_SUCCESS,/login,SUCCESS,0
2025-02-14 19:18:34,alice,198.51.100.77,Unknown,LOGIN_FAILED,/login,FAIL,0
2025-02-14 11:11:46,david,192.168.1.10,Chrome,LOGIN_SUCCESS,/login,SUCCESS,0
2025-02-14 17:41:39,bob,185.220.101.1,Edge,FILE_ACCESS,/payroll,SUCCESS,171083
2025-02-14 19:12:43,grace,172.16.0.8,curl,PRIV_ESCALATION,/hr,FAIL,0
2025-02-14 14:31:36,frank,104.26.3.2,Chrome,API_KEY_CREATE,/files/reports,SUCCESS,0
2025-02-14 08:10:51,bob,198.51.100.77,Chrome,LOGIN_SUCCESS,/login,SUCCESS,0
2025-02-14 08:01:04,alice,192.168.1.20,Chrome,LOGIN_FAILED,/login,FAIL,0
2025-02-14 01:08:37,frank,192.168.1.20,Edge,LOGIN_FAILED,/login,FAIL,0
2025-02-14 07:48:00,charlie,104.26.3.2,python-requests,LOGIN_SUCCESS,/login,SUCCESS,0
2025-02-14 06:55:57,bob,192.168.1.20,Firefox,LOGIN_FAILED,/login,FAIL,0
2025-02-14 17:00:13,alice,192.168.1.20,python-requests,LOGIN_SUCCESS,/login,SUCCESS,0
2025-02-14 03:58:42,david,172.16.0.8,Chrome,LOGIN_SUCCESS,/login,SUCCESS,0
2025-02-14 06:40:50,eva,104.26.3.2,Firefox,LOGIN_SUCCESS,/login,SUCCESS,0
2025-02-14 20:02:12,bob,192.168.1.10,python-requests,LOGIN_FAILED,/login,FAIL,0
2025-02-14 03:23:44,david,10.0.0.5,Chrome,LOGIN_SUCCESS,/login,SUCCESS,0
2025-02-14 14:36:05,alice,10.0.0.5,Chrome,LOGIN_SUCCESS,/login,SUCCESS,0
2025-02-14 16:33:58,eva,45.33.32.156,Edge,LOGIN_FAILED,/login,FAIL,0
2025-02-14 17:43:08,charlie,172.16.0.8,Edge,LOGIN_SUCCESS,/login,SUCCESS,0
2025-02-14 19:44:26,alice,198.51.100.77,Firefox,LOGIN_SUCCESS,/login,SUCCESS,0
2025-02-14 19:20:15,charlie,192.168.1.10,python-requests,DATA_EXPORT,/admin,SUCCESS,9022830
2025-02-14 08:33:48,grace,192.168.1.20,Edge,PRIV_ESCALATION,/hr,FAIL,0
2025-02-14 01:26:49,bob,45.33.32.156,Chrome,LOGIN_FAILED,/login,FAIL,0
2025-02-14 09:29:39,david,198.51.100.77,Chrome,LOGIN_SUCCESS,/login,SUCCESS,0
2025-02-14 23:30:07,eva,104.26.3.2,Chrome,LOGIN_SUCCESS,/login,SUCCESS,0
2025-02-14 22:36:56,bob,192.168.1.20,Chrome,LOGIN_FAILED,/login,FAIL,0
2025-02-14 12:42:25,bob,172.16.0.8,Firefox,LOGIN_SUCCESS,/login,SUCCESS,0
2025-02-14 19:46:40,eva,185.220.101.1,Chrome,LOGIN_SUCCESS,/login,SUCCESS,0
2025-02-14 03:46:17,charlie,203.0.113.5,curl,LOGIN_SUCCESS,/login,SUCCESS,0
2025-02-14 05:39:34,eva,203.0.113.5,Chrome,LOGIN_FAILED,/login,FAIL,0
2025-02-14 23:05:30,eva,185.220.101.1,Chrome,LOGIN_FAILED,/login,FAIL,0
2025-02-14 15:25:18,eva,192.168.1.10,Edge,LOGIN_SUCCESS,/login,SUCCESS,0
2025-02-14 09:32:15,charlie,104.26.3.2,Edge,LOGIN_FAILED,/login,FAIL,0
2025-02-14 04:04:23,bob,10.0.0.5,Edge,LOGIN_FAILED,/login,FAIL,0
2025-02-14 05:23:30,grace,10.0.0.5,PowerShell,LOGIN_SUCCESS,/login,SUCCESS,0
2025-02-14 01:27:09,frank,172.16.0.8,Firefox,LOGIN_FAILED,/login,FAIL,0
2025-02-14 20:23:05,grace,10.0.0.5,PowerShell,API_KEY_CREATE,/hr,SUCCESS,0
2025-02-14 06:26:46,grace,192.168.1.10,python-requests,LOGIN_SUCCESS,/login,SUCCESS,0
2025-02-14 14:59:24,david,203.0.113.5,Firefox,LOGIN_SUCCESS,/login,SUCCESS,0
2025-02-14 01:24:35,henry,172.16.0.8,Chrome,LOGIN_SUCCESS,/login,SUCCESS,0
2025-02-14 08:17:11,david,192.168.1.10,Chrome,LOGIN_FAILED,/login,FAIL,0
2025-02-14 02:31:39,eva,198.51.100.77,Edge,LOGIN_FAILED,/login,FAIL,0
2025-02-14 19:31:22,frank,192.168.1.10,Chrome,LOGIN_SUCCESS,/login,SUCCESS,0
2025-02-14 09:39:55,alice,192.168.1.20,curl,LOGIN_FAILED,/login,FAIL,0
2025-02-14 11:25:14,grace,185.220.101.1,Chrome,LOGIN_SUCCESS,/login,SUCCESS,0
2025-02-14 15:52:34,alice,185.220.101.1,Edge,API_KEY_CREATE,/files/db_backup,SUCCESS,0
2025-02-14 07:10:25,frank,45.33.32.156,Edge,LOGIN_SUCCESS,/login,SUCCESS,0
2025-02-14 04:32:14,eva,185.220.101.1,Chrome,LOGIN_SUCCESS,/login,SUCCESS,0
2025-02-14 10:45:52,charlie,172.16.0.8,Edge,LOGIN_SUCCESS,/login,SUCCESS,0
2025-02-14 06:20:10,eva,45.33.32.156,Chrome,LOGIN_FAILED,/login,FAIL,0
2025-02-14 07:39:09,grace,198.51.100.77,Edge,LOGIN_FAILED,/login,FAIL,0
2025-02-14 18:36:40,henry,10.0.0.5,Firefox,LOGIN_FAILED,/login,FAIL,0
2025-02-14 23:02:40,frank,192.168.1.20,Edge,FILE_ACCESS,/hr,SUCCESS,134092
2025-02-14 08:10:44,david,10.0.0.5,Unknown,LOGIN_SUCCESS,/login,SUCCESS,0
2025-02-14 22:15:20,bob,104.26.3.2,curl,LOGIN_SUCCESS,/login,SUCCESS,0
2025-02-14 13:58:48,henry,45.33.32.156,PowerShell,LOGIN_SUCCESS,/login,SUCCESS,0
2025-02-14 03:52:50,grace,172.16.0.8,Firefox,LOGIN_SUCCESS,/login,SUCCESS,0
2025-02-14 20:17:40,david,192.168.1.20,Edge,LOGIN_SUCCESS,/login,SUCCESS,0
2025-02-14 20:20:59,frank,104.26.3.2,Firefox,LOGIN_FAILED,/login,FAIL,0
2025-02-14 19:56:50,henry,10.0.0.5,Firefox,LOGIN_FAILED,/login,FAIL,0
2025-02-14 09:00:06,eva,185.220.101.1,Chrome,LOGIN_FAILED,/login,FAIL,0
2025-02-14 02:49:15,eva,172.16.0.8,PowerShell,LOGIN_SUCCESS,/login,SUCCESS,0
2025-02-14 02:56:01,charlie,10.0.0.5,curl,LOGIN_SUCCESS,/login,SUCCESS,0
2025-02-14 02:20:18,grace,45.33.32.156,Firefox,LOGIN_SUCCESS,/login,SUCCESS,0
2025-02-14 07:31:50,grace,45.33.32.156,python-requests,API_KEY_CREATE,/home,SUCCESS,0
2025-02-14 20:57:36,grace,104.26.3.2,Chrome,LOGIN_SUCCESS,/login,SUCCESS,0
2025-02-14 14:11:56,grace,185.220.101.1,python-requests,FILE_ACCESS,/files/db_backup,SUCCESS,203427
2025-02-14 09:56:14,grace,104.26.3.2,Edge,LOGIN_SUCCESS,/login,SUCCESS,0
2025-02-14 14:43:14,charlie,104.26.3.2,Chrome,API_KEY_CREATE,/files/db_backup,SUCCESS,0
2025-02-14 14:20:45,alice,192.168.1.20,PowerShell,LOGIN_FAILED,/login,FAIL,0
2025-02-14 06:36:59,alice,203.0.113.5,Firefox,LOGIN_SUCCESS,/login,SUCCESS,0
2025-02-14 12:17:16,grace,203.0.113.5,Chrome,FILE_ACCESS,/api/v1/token,SUCCESS,57615
2025-02-14 02:58:55,henry,192.168.1.10,Unknown,FILE_ACCESS,/home,SUCCESS,43357
2025-02-14 23:43:46,alice,192.168.1.10,python-requests,DATA_EXPORT,/hr,SUCCESS,6398245
2025-02-14 17:14:30,bob,172.16.0.8,curl,LOGIN_FAILED,/login,FAIL,0
2025-02-14 06:06:32,bob,10.0.0.5,Edge,DATA_EXPORT,/admin,SUCCESS,11543135
2025-02-14 13:39:52,grace,172.16.0.8,Chrome,LOGIN_SUCCESS,/login,SUCCESS,0
2025-02-14 10:58:49,bob,192.168.1.10,Edge,LOGIN_SUCCESS,/login,SUCCESS,0
2025-02-14 02:30:38,frank,192.168.1.10,Chrome,FILE_ACCESS,/files/reports,SUCCESS,69071
2025-02-14 13:11:12,henry,10.0.0.5,Unknown,LOGIN_SUCCESS,/login,SUCCESS,0
2025-02-14 09:50:00,henry,104.26.3.2,Chrome,LOGIN_SUCCESS,/login,SUCCESS,0
2025-02-14 08:56:17,bob,203.0.113.5,curl,PASSWORD_CHANGE,/hr,SUCCESS,0
2025-02-14 20:44:51,grace,198.51.100.77,Chrome,LOGIN_SUCCESS,/login,SUCCESS,0
2025-02-14 07:43:22,frank,203.0.113.5,Edge,LOGIN_SUCCESS,/login,SUCCESS,0
2025-02-14 18:48:35,david,192.168.1.20,Firefox,LOGIN_SUCCESS,/login,SUCCESS,0
2025-02-14 08:44:59,henry,104.26.3.2,Chrome,LOGIN_SUCCESS,/login,SUCCESS,0
2025-02-14 08:04:05,grace,172.16.0.8,Firefox,LOGIN_SUCCESS,/login,SUCCESS,0
2025-02-14 19:19:48,frank,45.33.32.156,Chrome,DATA_EXPORT,/files/db_backup,SUCCESS,5719039
2025-02-14 09:09:11,david,192.168.1.20,Chrome,LOGIN_FAILED,/login,FAIL,0
2025-02-14 19:30:36,charlie,172.16.0.8,Chrome,LOGIN_SUCCESS,/login,SUCCESS,0
2025-02-14 21:27:58,eva,192.168.1.20,Chrome,FILE_ACCESS,/finance,SUCCESS,126517
2025-02-14 19:26:50,charlie,203.0.113.5,Edge,LOGIN_SUCCESS,/login,SUCCESS,0
2025-02-14 04:35:51,henry,192.168.1.20,Firefox,PASSWORD_CHANGE,/finance,SUCCESS,0
2025-02-14 16:02:13,frank,10.0.0.5,Unknown,DATA_EXPORT,/finance,SUCCESS,2479620
2025-02-14 14:35:21,henry,192.168.1.20,Chrome,LOGIN_FAILED,/login,FAIL,0
2025-02-14 20:29:32,eva,192.168.1.20,Edge,DATA_EXPORT,/admin,SUCCESS,4507721
2025-02-14 22:30:57,david,185.220.101.1,Chrome,LOGIN_SUCCESS,/login,SUCCESS,0
2025-02-14 21:25:39,grace,203.0.113.5,Edge,LOGIN_FAILED,/login,FAIL,0
2025-02-14 03:36:46,david,172.16.0.8,Chrome,LOGIN_SUCCESS,/login,SUCCESS,0
2025-02-14 06:19:42,bob,10.0.0.5,Edge,LOGIN_SUCCESS,/login,SUCCESS,0
2025-02-14 17:06:32,eva,192.168.1.10,curl,LOGIN_SUCCESS,/login,SUCCESS,0
2025-02-14 16:31:50,bob,172.16.0.8,Firefox,API_KEY_CREATE,/hr,SUCCESS,0
2025-02-14 19:49:36,david,10.0.0.5,Chrome,API_KEY_CREATE,/payroll,SUCCESS,0
2025-02-14 06:02:27,eva,203.0.113.5,Edge,LOGIN_SUCCESS,/login,SUCCESS,0
2025-02-14 14:39:17,eva,185.220.101.1,Chrome,LOGIN_FAILED,/login,FAIL,0
2025-02-14 01:27:04,grace,198.51.100.77,Chrome,LOGIN_FAILED,/login,FAIL,0
2025-02-14 20:56:32,alice,203.0.113.5,Firefox,LOGIN_FAILED,/login,FAIL,0
2025-02-14 23:43:14,henry,203.0.113.5,Edge,LOGIN_SUCCESS,/login,SUCCESS,0
2025-02-14 17:54:11,bob,104.26.3.2,Chrome,LOGIN_SUCCESS,/login,SUCCESS,0
2025-02-14 03:48:30,charlie,198.51.100.77,Chrome,LOGIN_SUCCESS,/login,SUCCESS,0
2025-02-14 14:34:48,alice,104.26.3.2,Chrome,LOGIN_SUCCESS,/login,SUCCESS,0
2025-02-14 14:42:56,alice,185.220.101.1,Chrome,LOGIN_FAILED,/login,FAIL,0
2025-02-14 13:10:19,henry,104.26.3.2,Chrome,FILE_ACCESS,/hr,SUCCESS,180921
2025-02-14 04:46:12,eva,104.26.3.2,Chrome,PASSWORD_CHANGE,/files/reports,SUCCESS,0
2025-02-14 22:56:18,david,10.0.0.5,Edge,LOGIN_SUCCESS,/login,SUCCESS,0
2025-02-14 03:23:37,david,192.168.1.20,Edge,LOGIN_FAILED,/login,FAIL,0
2025-02-14 05:36:21,henry,203.0.113.5,Firefox,LOGIN_FAILED,/login,FAIL,0
2025-02-14 17:34:02,henry,172.16.0.8,Firefox,LOGIN_SUCCESS,/login,SUCCESS,0
2025-02-14 21:49:21,charlie,192.168.1.20,Chrome,LOGIN_SUCCESS,/login,SUCCESS,0
2025-02-14 18:29:10,eva,192.168.1.10,python-requests,LOGIN_SUCCESS,/login,SUCCESS,0
2025-02-14 21:06:51,henry,10.0.0.5,Chrome,LOGIN_SUCCESS,/login,SUCCESS,0
2025-02-14 20:05:40,grace,104.26.3.2,Unknown,PRIV_ESCALATION,/hr,FAIL,0
2025-02-14 08:41:40,grace,172.16.0.8,Chrome,FILE_ACCESS,/api/v1/token,SUCCESS,115320
2025-02-14 13:52:48,grace,10.0.0.5,Chrome,LOGIN_FAILED,/login,FAIL,0
2025-02-14 21:29:16,frank,192.168.1.20,Chrome,PASSWORD_CHANGE,/files/reports,SUCCESS,0
2025-02-14 16:38:10,alice,10.0.0.5,Chrome,LOGIN_SUCCESS,/login,SUCCESS,0
2025-02-14 09:38:57,frank,45.33.32.156,python-requests,LOGIN_FAILED,/login,FAIL,0
2025-02-14 19:25:42,grace,198.51.100.77,PowerShell,LOGIN_FAILED,/login,FAIL,0
2025-02-14 01:18:25,bob,172.16.0.8,Unknown,LOGIN_FAILED,/login,FAIL,0
2025-02-14 03:17:26,grace,192.168.1.20,Firefox,FILE_ACCESS,/admin,SUCCESS,20596
2025-02-14 10:54:11,alice,192.168.1.10,Chrome,LOGIN_SUCCESS,/login,SUCCESS,0
2025-02-14 13:38:51,grace,10.0.0.5,Edge,LOGIN_SUCCESS,/login,SUCCESS,0
2025-02-14 06:33:20,charlie,10.0.0.5,Edge,LOGIN_SUCCESS,/login,SUCCESS,0
2025-02-14 08:46:06,henry,10.0.0.5,Firefox,LOGIN_SUCCESS,/login,SUCCESS,0
2025-02-14 00:20:31,henry,203.0.113.5,Chrome,LOGIN_FAILED,/login,FAIL,0
2025-02-14 12:34:53,eva,45.33.32.156,python-requests,LOGIN_FAILED,/login,FAIL,0
2025-02-14 07:15:11,grace,104.26.3.2,Edge,LOGIN_SUCCESS,/login,SUCCESS,0
2025-02-14 20:55:41,eva,203.0.113.5,Chrome,LOGIN_SUCCESS,/login,SUCCESS,0
2025-02-14 20:36:17,alice,104.26.3.2,curl,FILE_ACCESS,/finance,SUCCESS,140179
2025-02-14 07:58:25,david,203.0.113.5,Edge,LOGIN_FAILED,/login,FAIL,0
2025-02-14 22:50:42,alice,203.0.113.5,Edge,FILE_ACCESS,/home,SUCCESS,280695
2025-02-14 04:47:04,bob,203.0.113.5,Chrome,LOGIN_SUCCESS,/login,SUCCESS,0
2025-02-14 04:48:42,frank,185.220.101.1,python-requests,LOGIN_FAILED,/login,FAIL,0
2025-02-14 09:21:21,henry,203.0.113.5,python-requests,FILE_ACCESS,/vault,SUCCESS,85090
2025-02-14 08:12:51,grace,185.220.101.1,Chrome,LOGIN_SUCCESS,/login,SUCCESS,0
2025-02-14 19:32:09,bob,104.26.3.2,Edge,LOGIN_SUCCESS,/login,SUCCESS,0
2025-02-14 23:14:55,frank,192.168.1.20,Chrome,LOGIN_FAILED,/login,FAIL,0
2025-02-14 20:26:24,frank,172.16.0.8,PowerShell,LOGIN_FAILED,/login,FAIL,0
2025-02-14 11:00:08,grace,192.168.1.20,Chrome,LOGIN_SUCCESS,/login,SUCCESS,0
2025-02-14 17:56:09,bob,192.168.1.20,Chrome,LOGIN_SUCCESS,/login,SUCCESS,0
2025-02-14 16:30:59,frank,185.220.101.1,PowerShell,LOGIN_SUCCESS,/login,SUCCESS,0
2025-02-14 23:50:41,bob,104.26.3.2,Chrome,LOGIN_FAILED,/login,FAIL,0
2025-02-14 13:29:26,david,104.26.3.2,python-requests,LOGIN_SUCCESS,/login,SUCCESS,0
2025-02-14 03:37:02,frank,185.220.101.1,Chrome,API_KEY_CREATE,/vault,SUCCESS,0
2025-02-14 10:02:40,david,192.168.1.20,Chrome,DATA_EXPORT,/files/reports,SUCCESS,9010716
2025-02-14 00:46:39,alice,198.51.100.77,python-requests,LOGIN_SUCCESS,/login,SUCCESS,0
2025-02-14 07:28:16,bob,185.220.101.1,python-requests,LOGIN_SUCCESS,/login,SUCCESS,0
2025-02-14 08:28:59,frank,10.0.0.5,Chrome,FILE_ACCESS,/home,SUCCESS,244934
2025-02-14 05:16:04,charlie,185.220.101.1,Chrome,LOGIN_SUCCESS,/login,SUCCESS,0
2025-02-14 00:56:19,charlie,192.168.1.10,Edge,LOGIN_SUCCESS,/login,SUCCESS,0
2025-02-14 00:34:28,charlie,203.0.113.5,Firefox,LOGIN_SUCCESS,/login,SUCCESS,0
2025-02-14 02:18:50,henry,104.26.3.2,Edge,FILE_ACCESS,/files/db_backup,SUCCESS,59177
2025-02-14 22:23:43,alice,185.220.101.1,Chrome,LOGIN_SUCCESS,/login,SUCCESS,0
2025-02-14 17:26:21,grace,45.33.32.156,curl,LOGIN_FAILED,/login,FAIL,0
2025-02-14 16:08:58,bob,192.168.1.20,Chrome,LOGIN_SUCCESS,/login,SUCCESS,0
2025-02-14 10:00:46,frank,45.33.32.156,Chrome,DATA_EXPORT,/files/db_backup,SUCCESS,4820043
2025-02-14 04:09:56,david,45.33.32.156,Firefox,LOGIN_SUCCESS,/login,SUCCESS,0
2025-02-14 16:30:41,grace,45.33.32.156,Firefox,LOGIN_FAILED,/login,FAIL,0
2025-02-14 09:16:48,frank,10.0.0.5,Chrome,LOGIN_FAILED,/login,FAIL,0
2025-02-14 03:06:28,bob,45.33.32.156,python-requests,LOGIN_SUCCESS,/login,SUCCESS,0
2025-02-14 20:15:24,alice,185.220.101.1,Firefox,LOGIN_FAILED,/login,FAIL,0
2025-02-14 15:23:55,alice,203.0.113.5,Chrome,LOGIN_FAILED,/login,FAIL,0
2025-02-14 18:28:27,david,10.0.0.5,python-requests,LOGIN_FAILED,/login,FAIL,0
2025-02-14 12:44:50,frank,192.168.1.20,python-requests,FILE_ACCESS,/hr,SUCCESS,116671
2025-02-14 20:25:26,alice,203.0.113.5,curl,LOGIN_SUCCESS,/login,SUCCESS,0
2025-02-14 11:14:59,frank,198.51.100.77,Edge,LOGIN_SUCCESS,/login,SUCCESS,0
2025-02-14 14:35:31,bob,10.0.0.5,Chrome,LOGIN_FAILED,/login,FAIL,0
2025-02-14 19:18:51,david,45.33.32.156,Chrome,LOGIN_SUCCESS,/login,SUCCESS,0
2025-02-14 11:20:46,frank,192.168.1.20,Chrome,PASSWORD_CHANGE,/payroll,SUCCESS,0
2025-02-14 22:29:41,alice,192.168.1.20,Firefox,LOGIN_SUCCESS,/login,SUCCESS,0
2025-02-14 16:05:39,grace,203.0.113.5,Chrome,LOGIN_SUCCESS,/login,SUCCESS,0
2025-02-14 15:39:09,bob,203.0.113.5,Firefox,LOGIN_FAILED,/login,FAIL,0
2025-02-14 11:13:45,alice,172.16.0.8,Chrome,LOGIN_SUCCESS,/login,SUCCESS,0
2025-02-14 10:58:27,david,10.0.0.5,Chrome,FILE_ACCESS,/finance,SUCCESS,269040
2025-02-14 06:23:48,charlie,45.33.32.156,Firefox,LOGIN_FAILED,/login,FAIL,0
2025-02-14 12:53:41,bob,45.33.32.156,Firefox,FILE_ACCESS,/home,SUCCESS,127244
2025-02-14 16:44:20,bob,198.51.100.77,curl,LOGIN_FAILED,/login,FAIL,0
2025-02-14 15:12:27,eva,192.168.1.20,Chrome,LOGIN_SUCCESS,/login,SUCCESS,0
2025-02-14 22:30:18,henry,198.51.100.77,Chrome,LOGIN_SUCCESS,/login,SUCCESS,0
2025-02-14 21:26:24,grace,185.220.101.1,curl,LOGIN_SUCCESS,/login,SUCCESS,0
2025-02-14 08:04:01,frank,10.0.0.5,Firefox,LOGIN_SUCCESS,/login,SUCCESS,0
2025-02-14 07:03:35,frank,198.51.100.77,Chrome,LOGIN_FAILED,/login,FAIL,0
2025-02-14 05:19:54,eva,172.16.0.8,curl,LOGIN_SUCCESS,/login,SUCCESS,0
2025-02-14 23:51:58,bob,10.0.0.5,Firefox,DATA_EXPORT,/files/reports,SUCCESS,6460624
2025-02-14 20:33:09,frank,198.51.100.77,Firefox,LOGIN_SUCCESS,/login,SUCCESS,0
2025-02-14 22:59:16,eva,203.0.113.5,Firefox,LOGIN_FAILED,/login,FAIL,0
2025-02-14 11:18:05,henry,104.26.3.2,python-requests,LOGIN_SUCCESS,/login,SUCCESS,0
2025-02-14 02:47:37,bob,185.220.101.1,Unknown,LOGIN_SUCCESS,/login,SUCCESS,0
2025-02-14 01:29:36,henry,172.16.0.8,Firefox,LOGIN_SUCCESS,/login,SUCCESS,0
2025-02-14 02:15:09,henry,192.168.1.20,Unknown,FILE_ACCESS,/vault,SUCCESS,231938
2025-02-14 01:25:30,david,104.26.3.2,Firefox,DATA_EXPORT,/files/db_backup,SUCCESS,9572044
2025-02-14 10:17:59,grace,45.33.32.156,python-requests,FILE_ACCESS,/home,SUCCESS,193036
2025-02-14 23:34:03,frank,192.168.1.20,Edge,LOGIN_SUCCESS,/login,SUCCESS,0
2025-02-14 10:20:43,eva,10.0.0.5,PowerShell,LOGIN_SUCCESS,/login,SUCCESS,0
2025-02-14 11:17:42,grace,10.0.0.5,Chrome,LOGIN_FAILED,/login,FAIL,0
2025-02-14 13:42:52,frank,10.0.0.5,Chrome,LOGIN_FAILED,/login,FAIL,0
2025-02-14 15:24:56,frank,192.168.1.10,Unknown,LOGIN_SUCCESS,/login,SUCCESS,0
2025-02-14 12:26:31,henry,172.16.0.8,Chrome,LOGIN_SUCCESS,/login,SUCCESS,0
2025-02-14 10:46:10,bob,185.220.101.1,Chrome,FILE_ACCESS,/files/db_backup,SUCCESS,40421
2025-02-14 04:46:16,grace,10.0.0.5,curl,LOGIN_SUCCESS,/login,SUCCESS,0
2025-02-14 01:35:26,grace,198.51.100.77,Unknown,LOGIN_FAILED,/login,FAIL,0
2025-02-14 22:13:51,eva,104.26.3.2,Chrome,LOGIN_SUCCESS,/login,SUCCESS,0
2025-02-14 17:04:34,david,198.51.100.77,Firefox,LOGIN_FAILED,/login,FAIL,0
2025-02-14 10:15:32,grace,185.220.101.1,python-requests,LOGIN_FAILED,/login,FAIL,0
2025-02-14 22:00:54,charlie,203.0.113.5,PowerShell,LOGIN_SUCCESS,/login,SUCCESS,0
2025-02-14 20:11:24,bob,185.220.101.1,Chrome,FILE_ACCESS,/finance,SUCCESS,251217
2025-02-14 05:50:12,eva,104.26.3.2,python-requests,API_KEY_CREATE,/payroll,SUCCESS,0
2025-02-14 03:20:21,david,104.26.3.2,Firefox,PASSWORD_CHANGE,/home,SUCCESS,0
2025-02-14 14:26:04,frank,172.16.0.8,Firefox,LOGIN_SUCCESS,/login,SUCCESS,0
2025-02-14 01:01:34,frank,192.168.1.20,python-requests,FILE_ACCESS,/vault,SUCCESS,168029
2025-02-14 17:12:05,charlie,104.26.3.2,PowerShell,LOGIN_SUCCESS,/login,SUCCESS,0
2025-02-14 00:41:30,eva,172.16.0.8,Unknown,FILE_ACCESS,/files/db_backup,SUCCESS,176306
2025-02-14 22:10:07,grace,192.168.1.20,Chrome,FILE_ACCESS,/hr,SUCCESS,209718
2025-02-14 22:40:33,henry,192.168.1.20,Edge,LOGIN_SUCCESS,/login,SUCCESS,0
2025-02-14 00:35:54,david,10.0.0.5,Edge,LOGIN_SUCCESS,/login,SUCCESS,0
2025-02-14 08:45:31,grace,10.0.0.5,Firefox,LOGIN_FAILED,/login,FAIL,0
2025-02-14 13:07:45,bob,185.220.101.1,Edge,LOGIN_FAILED,/login,FAIL,0
2025-02-14 14:12:57,henry,192.168.1.10,Chrome,LOGIN_FAILED,/login,FAIL,0
2025-02-14 00:35:28,frank,192.168.1.20,curl,LOGIN_SUCCESS,/login,SUCCESS,0
2025-02-14 12:06:23,charlie,192.168.1.10,python-requests,LOGIN_SUCCESS,/login,SUCCESS,0
2025-02-14 06:22:29,henry,104.26.3.2,Chrome,LOGIN_FAILED,/login,FAIL,0
2025-02-14 16:39:48,alice,203.0.113.5,PowerShell,LOGIN_SUCCESS,/login,SUCCESS,0
2025-02-14 11:29:25,eva,185.220.101.1,Firefox,LOGIN_SUCCESS,/login,SUCCESS,0
2025-02-14 01:19:59,david,203.0.113.5,PowerShell,LOGIN_SUCCESS,/login,SUCCESS,0
2025-02-14 12:05:06,eva,192.168.1.20,PowerShell,FILE_ACCESS,/api/v1/token,SUCCESS,147754
2025-02-14 16:00:37,grace,198.51.100.77,Edge,DATA_EXPORT,/files/reports,SUCCESS,11967759
2025-02-14 09:42:39,bob,45.33.32.156,Firefox,LOGIN_SUCCESS,/login,SUCCESS,0
2025-02-14 11:41:41,bob,192.168.1.20,Chrome,LOGIN_SUCCESS,/login,SUCCESS,0
2025-02-14 21:56:26,grace,10.0.0.5,Firefox,LOGIN_FAILED,/login,FAIL,0
2025-02-14 12:50:10,grace,203.0.113.5,Chrome,LOGIN_FAILED,/login,FAIL,0
2025-02-14 23:12:40,grace,198.51.100.77,Unknown,LOGIN_FAILED,/login,FAIL,0
2025-02-14 05:11:54,henry,192.168.1.10,curl,LOGIN_SUCCESS,/login,SUCCESS,0
2025-02-14 13:20:15,frank,45.33.32.156,Edge,DATA_EXPORT,/home,SUCCESS,1399947
2025-02-14 13:32:40,henry,192.168.1.20,Firefox,LOGIN_FAILED,/login,FAIL,0
2025-02-14 11:26:47,eva,172.16.0.8,curl,DATA_EXPORT,/home,SUCCESS,8017828
2025-02-14 20:26:59,bob,203.0.113.5,Chrome,FILE_ACCESS,/files/reports,SUCCESS,14331
2025-02-14 17:53:02,david,192.168.1.20,Firefox,LOGIN_SUCCESS,/login,SUCCESS,0
2025-02-14 16:12:21,bob,198.51.100.77,Firefox,LOGIN_FAILED,/login,FAIL,0
2025-02-14 10:34:18,eva,10.0.0.5,python-requests,LOGIN_FAILED,/login,FAIL,0
2025-02-14 18:31:23,david,192.168.1.20,Chrome,DATA_EXPORT,/payroll,SUCCESS,5163270
2025-02-14 20:50:09,frank,104.26.3.2,Chrome,FILE_ACCESS,/files/db_backup,SUCCESS,123198
2025-02-14 03:08:20,bob,203.0.113.5,Firefox,LOGIN_SUCCESS,/login,SUCCESS,0
2025-02-14 14:54:25,bob,10.0.0.5,Firefox,DATA_EXPORT,/admin,SUCCESS,5504295
2025-02-14 20:04:20,charlie,10.0.0.5,python-requests,LOGIN_SUCCESS,/login,SUCCESS,0
2025-02-14 18:51:48,charlie,203.0.113.5,Unknown,LOGIN_SUCCESS,/login,SUCCESS,0
2025-02-14 08:12:32,frank,185.220.101.1,Chrome,PASSWORD_CHANGE,/admin,SUCCESS,0
2025-02-14 23:07:18,eva,10.0.0.5,Chrome,LOGIN_FAILED,/login,FAIL,0
2025-02-14 23:20:15,charlie,10.0.0.5,python-requests,LOGIN_SUCCESS,/login,SUCCESS,0
2025-02-14 20:31:14,alice,192.168.1.10,Edge,LOGIN_SUCCESS,/login,SUCCESS,0
2025-02-14 20:49:51,grace,192.168.1.10,Chrome,LOGIN_FAILED,/login,FAIL,0
2025-02-14 10:59:56,henry,172.16.0.8,Chrome,FILE_ACCESS,/api/v1/token,SUCCESS,148369
2025-02-14 16:00:19,grace,104.26.3.2,Edge,LOGIN_FAILED,/login,FAIL,0
2025-02-14 11:22:50,frank,198.51.100.77,curl,DATA_EXPORT,/payroll,SUCCESS,6584815
2025-02-14 08:48:05,henry,192.168.1.20,Chrome,LOGIN_SUCCESS,/login,SUCCESS,0
2025-02-14 01:50:32,eva,45.33.32.156,Chrome,FILE_ACCESS,/api/v1/token,SUCCESS,115992
2025-02-14 05:48:52,frank,198.51.100.77,Firefox,LOGIN_SUCCESS,/login,SUCCESS,0
2025-02-14 18:44:26,henry,104.26.3.2,Chrome,PASSWORD_CHANGE,/files/reports,SUCCESS,0
2025-02-14 14:19:03,henry,172.16.0.8,Chrome,LOGIN_SUCCESS,/login,SUCCESS,0
2025-02-14 10:14:37,henry,104.26.3.2,python-requests,LOGIN_SUCCESS,/login,SUCCESS,0
2025-02-14 15:41:22,charlie,203.0.113.5,Firefox,LOGIN_FAILED,/login,FAIL,0
2025-02-14 14:35:05,alice,185.220.101.1,Chrome,LOGIN_SUCCESS,/login,SUCCESS,0
2025-02-14 14:03:59,henry,185.220.101.1,Chrome,LOGIN_SUCCESS,/login,SUCCESS,0
2025-02-14 03:31:12,grace,198.51.100.77,Edge,FILE_ACCESS,/vault,SUCCESS,86633
2025-02-14 21:56:06,grace,185.220.101.1,Chrome,LOGIN_SUCCESS,/login,SUCCESS,0
2025-02-14 12:07:32,henry,185.220.101.1,Chrome,LOGIN_SUCCESS,/login,SUCCESS,0
2025-02-14 22:19:16,frank,10.0.0.5,Edge,LOGIN_SUCCESS,/login,SUCCESS,0
2025-02-14 18:28:14,henry,203.0.113.5,Firefox,LOGIN_FAILED,/login,FAIL,0
2025-02-14 03:59:26,grace,203.0.113.5,Edge,FILE_ACCESS,/home,SUCCESS,157557
2025-02-14 09:40:03,david,192.168.1.10,Firefox,LOGIN_FAILED,/login,FAIL,0
2025-02-14 22:33:50,grace,10.0.0.5,Chrome,FILE_ACCESS,/hr,SUCCESS,161148
2025-02-14 00:41:22,henry,198.51.100.77,Edge,LOGIN_SUCCESS,/login,SUCCESS,0
2025-02-14 14:56:28,henry,192.168.1.10,Chrome,LOGIN_FAILED,/login,FAIL,0
2025-02-14 11:50:04,henry,185.220.101.1,Firefox,LOGIN_SUCCESS,/login,SUCCESS,0
2025-02-14 19:24:38,frank,185.220.101.1,Edge,LOGIN_SUCCESS,/login,SUCCESS,0
2025-02-14 07:00:00,david,203.0.113.5,Unknown,LOGIN_FAILED,/login,FAIL,0
2025-02-14 10:50:08,eva,172.16.0.8,Chrome,LOGIN_FAILED,/login,FAIL,0
2025-02-14 12:41:58,eva,203.0.113.5,Firefox,LOGIN_SUCCESS,/login,SUCCESS,0
2025-02-14 14:21:52,frank,10.0.0.5,Unknown,LOGIN_SUCCESS,/login,SUCCESS,0
2025-02-14 02:52:38,frank,104.26.3.2,Chrome,LOGIN_FAILED,/login,FAIL,0
2025-02-14 19:36:32,eva,185.220.101.1,Chrome,LOGIN_FAILED,/login,FAIL,0
2025-02-14 21:21:57,david,172.16.0.8,Chrome,LOGIN_SUCCESS,/login,SUCCESS,0
2025-02-14 08:28:38,alice,192.168.1.20,Chrome,LOGIN_SUCCESS,/login,SUCCESS,0
2025-02-14 05:00:18,alice,185.220.101.1,Firefox,DATA_EXPORT,/payroll,SUCCESS,13652421
2025-02-14 17:23:00,david,203.0.113.5,PowerShell,LOGIN_SUCCESS,/login,SUCCESS,0
2025-02-14 03:15:25,david,185.220.101.1,PowerShell,LOGIN_FAILED,/login,FAIL,0
2025-02-14 06:22:26,grace,10.0.0.5,Unknown,PRIV_ESCALATION,/home,FAIL,0
2025-02-14 14:27:14,henry,10.0.0.5,PowerShell,PRIV_ESCALATION,/finance,FAIL,0
2025-02-14 00:20:14,eva,192.168.1.20,Chrome,API_KEY_CREATE,/vault,SUCCESS,0
2025-02-14 23:20:58,henry,10.0.0.5,Chrome,FILE_ACCESS,/files/reports,SUCCESS,46659
2025-02-14 04:06:04,frank,10.0.0.5,curl,LOGIN_FAILED,/login,FAIL,0
2025-02-14 00:30:46,frank,203.0.113.5,Chrome,LOGIN_FAILED,/login,FAIL,0
2025-02-14 23:15:19,grace,45.33.32.156,Firefox,LOGIN_FAILED,/login,FAIL,0
2025-02-14 03:28:22,charlie,10.0.0.5,Chrome,LOGIN_FAILED,/login,FAIL,0
2025-02-14 13:57:55,david,104.26.3.2,Chrome,FILE_ACCESS,/vault,SUCCESS,117685
2025-02-14 23:47:59,frank,172.16.0.8,Firefox,LOGIN_SUCCESS,/login,SUCCESS,0
2025-02-14 05:48:54,grace,185.220.101.1,Edge,API_KEY_CREATE,/finance,SUCCESS,0
2025-02-14 23:15:17,eva,198.51.100.77,Unknown,LOGIN_FAILED,/login,FAIL,0
2025-02-14 17:24:36,charlie,104.26.3.2,Firefox,FILE_ACCESS,/vault,SUCCESS,106547
2025-02-14 19:59:49,henry,185.220.101.1,curl,FILE_ACCESS,/hr,SUCCESS,68656
2025-02-14 02:58:50,henry,185.220.101.1,PowerShell,LOGIN_FAILED,/login,FAIL,0
2025-02-14 04:05:07,alice,185.220.101.1,Edge,API_KEY_CREATE,/hr,SUCCESS,0
2025-02-14 05:27:21,charlie,198.51.100.77,Chrome,FILE_ACCESS,/files/reports,SUCCESS,10277
2025-02-14 07:28:42,henry,192.168.1.20,python-requests,API_KEY_CREATE,/files/reports,SUCCESS,0
2025-02-14 16:30:32,charlie,185.220.101.1,Edge,LOGIN_SUCCESS,/login,SUCCESS,0
2025-02-14 11:13:12,alice,45.33.32.156,curl,LOGIN_SUCCESS,/login,SUCCESS,0
2025-02-14 21:03:20,bob,192.168.1.10,Firefox,LOGIN_SUCCESS,/login,SUCCESS,0
2025-02-14 02:11:37,bob,104.26.3.2,Chrome,LOGIN_SUCCESS,/login,SUCCESS,0
2025-02-14 04:55:50,grace,198.51.100.77,Firefox,DATA_EXPORT,/api/v1/token,SUCCESS,6546644
2025-02-14 02:55:18,charlie,198.51.100.77,Firefox,LOGIN_SUCCESS,/login,SUCCESS,0
2025-02-14 04:38:11,david,192.168.1.10,Firefox,FILE_ACCESS,/finance,SUCCESS,101754
2025-02-14 13:48:32,david,172.16.0.8,Chrome,LOGIN_FAILED,/login,FAIL,0
2025-02-14 04:06:30,alice,45.33.32.156,Chrome,LOGIN_FAILED,/login,FAIL,0
2025-02-14 02:26:59,bob,192.168.1.10,Chrome,LOGIN_SUCCESS,/login,SUCCESS,0
2025-02-14 01:36:38,grace,104.26.3.2,curl,LOGIN_SUCCESS,/login,SUCCESS,0
2025-02-14 02:03:18,charlie,185.220.101.1,python-requests,DATA_EXPORT,/hr,SUCCESS,7695354
2025-02-14 21:46:10,frank,172.16.0.8,Unknown,LOGIN_SUCCESS,/login,SUCCESS,0
2025-02-14 18:58:41,david,45.33.32.156,Edge,LOGIN_SUCCESS,/login,SUCCESS,0
2025-02-14 21:32:30,charlie,45.33.32.156,Unknown,LOGIN_FAILED,/login,FAIL,0
2025-02-14 23:25:20,grace,185.220.101.1,Firefox,LOGIN_SUCCESS,/login,SUCCESS,0
2025-02-14 10:55:06,grace,10.0.0.5,Chrome,FILE_ACCESS,/files/reports,SUCCESS,41653
2025-02-14 08:12:16,eva,10.0.0.5,Edge,FILE_ACCESS,/home,SUCCESS,232547
2025-02-14 04:52:55,grace,172.16.0.8,Edge,LOGIN_SUCCESS,/login,SUCCESS,0
2025-02-14 16:22:34,frank,192.168.1.20,Chrome,LOGIN_FAILED,/login,FAIL,0
2025-02-14 13:43:56,alice,192.168.1.20,Chrome,LOGIN_SUCCESS,/login,SUCCESS,0
2025-02-14 07:36:19,frank,203.0.113.5,Chrome,DATA_EXPORT,/home,SUCCESS,9815844
2025-02-14 17:26:13,david,172.16.0.8,Edge,LOGIN_SUCCESS,/login,SUCCESS,0
2025-02-14 10:18:21,grace,104.26.3.2,Chrome,LOGIN_FAILED,/login,FAIL,0
2025-02-14 13:05:39,henry,104.26.3.2,curl,LOGIN_SUCCESS,/login,SUCCESS,0
2025-02-14 11:39:33,david,198.51.100.77,Edge,LOGIN_SUCCESS,/login,SUCCESS,0
2025-02-14 08:03:22,charlie,192.168.1.10,Chrome,LOGIN_SUCCESS,/login,SUCCESS,0
2025-02-14 07:08:35,frank,172.16.0.8,Firefox,LOGIN_SUCCESS,/login,SUCCESS,0
2025-02-14 23:50:00,frank,203.0.113.5,Unknown,FILE_ACCESS,/files/reports,SUCCESS,257648
2025-02-14 23:21:48,henry,104.26.3.2,Chrome,LOGIN_SUCCESS,/login,SUCCESS,0
2025-02-14 19:53:56,henry,10.0.0.5,Unknown,API_KEY_CREATE,/files/db_backup,SUCCESS,0
2025-02-14 02:08:18,alice,192.168.1.20,curl,PRIV_ESCALATION,/home,FAIL,0
2025-02-14 15:00:53,charlie,172.16.0.8,Chrome,LOGIN_SUCCESS,/login,SUCCESS,0
2025-02-14 18:24:47,henry,198.51.100.77,Edge,LOGIN_SUCCESS,/login,SUCCESS,0
2025-02-14 00:34:21,alice,185.220.101.1,Chrome,LOGIN_FAILED,/login,FAIL,0
2025-02-14 10:00:10,eva,192.168.1.10,python-requests,LOGIN_FAILED,/login,FAIL,0
2025-02-14 06:31:36,bob,192.168.1.20,Chrome,LOGIN_FAILED,/login,FAIL,0
2025-02-14 19:10:03,eva,198.51.100.77,Chrome,LOGIN_SUCCESS,/login,SUCCESS,0
2025-02-14 14:46:58,henry,172.16.0.8,Chrome,DATA_EXPORT,/hr,SUCCESS,6914992
2025-02-14 23:39:42,alice,192.168.1.20,Edge,LOGIN_SUCCESS,/login,SUCCESS,0
2025-02-14 02:02:35,alice,10.0.0.5,Edge,LOGIN_SUCCESS,/login,SUCCESS,0
2025-02-14 12:03:40,bob,185.220.101.1,Chrome,API_KEY_CREATE,/hr,SUCCESS,0
2025-02-14 20:38:09,henry,203.0.113.5,Edge,LOGIN_SUCCESS,/login,SUCCESS,0
2025-02-14 10:12:29,alice,10.0.0.5,Chrome,PRIV_ESCALATION,/vault,FAIL,0
2025-02-14 07:32:32,charlie,45.33.32.156,Chrome,PRIV_ESCALATION,/finance,FAIL,0
2025-02-14 08:45:19,grace,185.220.101.1,python-requests,LOGIN_SUCCESS,/login,SUCCESS,0
2025-02-14 02:51:19,frank,192.168.1.10,python-requests,LOGIN_SUCCESS,/login,SUCCESS,0
2025-02-14 12:24:02,grace,198.51.100.77,python-requests,LOGIN_SUCCESS,/login,SUCCESS,0
2025-02-14 16:24:14,henry,172.16.0.8,Firefox,LOGIN_SUCCESS,/login,SUCCESS,0
2025-02-14 21:19:51,grace,192.168.1.20,python-requests,FILE_ACCESS,/finance,SUCCESS,111445
2025-02-14 05:36:54,grace,10.0.0.5,Firefox,LOGIN_FAILED,/login,FAIL,0
2025-02-14 03:19:55,alice,203.0.113.5,Chrome,LOGIN_SUCCESS,/login,SUCCESS,0
2025-02-14 03:10:42,charlie,45.33.32.156,Firefox,LOGIN_SUCCESS,/login,SUCCESS,0
2025-02-14 03:45:38,alice,192.168.1.20,Edge,LOGIN_SUCCESS,/login,SUCCESS,0
2025-02-14 11:48:43,grace,192.168.1.10,curl,LOGIN_SUCCESS,/login,SUCCESS,0
2025-02-14 20:22:19,david,185.220.101.1,Chrome,LOGIN_SUCCESS,/login,SUCCESS,0
2025-02-14 09:47:27,eva,203.0.113.5,Chrome,LOGIN_FAILED,/login,FAIL,0
2025-02-14 10:02:50,grace,203.0.113.5,Firefox,LOGIN_FAILED,/login,FAIL,0
2025-02-14 08:58:41,henry,172.16.0.8,Chrome,LOGIN_SUCCESS,/login,SUCCESS,0
2025-02-14 14:24:24,frank,45.33.32.156,Firefox,FILE_ACCESS,/vault,SUCCESS,83757
2025-02-14 15:40:41,charlie,203.0.113.5,Firefox,LOGIN_SUCCESS,/login,SUCCESS,0
2025-02-14 06:28:03,grace,198.51.100.77,Unknown,LOGIN_SUCCESS,/login,SUCCESS,0
2025-02-14 08:49:35,frank,45.33.32.156,Firefox,LOGIN_SUCCESS,/login,SUCCESS,0
2025-02-14 20:31:45,david,185.220.101.1,Chrome,LOGIN_SUCCESS,/login,SUCCESS,0
2025-02-14 16:48:25,david,104.26.3.2,python-requests,FILE_ACCESS,/admin,SUCCESS,146123
2025-02-14 18:10:44,charlie,203.0.113.5,curl,LOGIN_SUCCESS,/login,SUCCESS,0
2025-02-14 13:43:32,bob,104.26.3.2,Edge,DATA_EXPORT,/files/reports,SUCCESS,1355957
2025-02-14 15:13:47,alice,198.51.100.77,Edge,LOGIN_FAILED,/login,FAIL,0
2025-02-14 03:05:38,bob,172.16.0.8,Chrome,LOGIN_FAILED,/login,FAIL,0
2025-02-14 22:18:24,alice,45.33.32.156,Unknown,DATA_EXPORT,/vault,SUCCESS,7604164
2025-02-14 09:25:13,david,185.220.101.1,Edge,FILE_ACCESS,/files/db_backup,SUCCESS,125546
2025-02-14 20:56:37,david,104.26.3.2,curl,LOGIN_SUCCESS,/login,SUCCESS,0
2025-02-14 21:25:47,charlie,198.51.100.77,Chrome,DATA_EXPORT,/files/reports,SUCCESS,11860714
2025-02-14 04:13:33,charlie,198.51.100.77,python-requests,LOGIN_SUCCESS,/login,SUCCESS,0
2025-02-14 18:58:23,henry,198.51.100.77,curl,LOGIN_FAILED,/login,FAIL,0
2025-02-14 16:28:23,frank,192.168.1.20,Chrome,LOGIN_SUCCESS,/login,SUCCESS,0
2025-02-14 12:29:27,bob,10.0.0.5,Firefox,PRIV_ESCALATION,/hr,FAIL,0
2025-02-14 20:05:39,charlie,198.51.100.77,Chrome,LOGIN_FAILED,/login,FAIL,0
2025-02-14 14:44:50,charlie,10.0.0.5,Firefox,LOGIN_FAILED,/login,FAIL,0
2025-02-14 22:21:32,david,104.26.3.2,Chrome,LOGIN_FAILED,/login,FAIL,0
2025-02-14 07:49:13,david,203.0.113.5,Edge,FILE_ACCESS,/admin,SUCCESS,154176
2025-02-14 13:19:05,frank,172.16.0.8,Edge,LOGIN_SUCCESS,/login,SUCCESS,0
2025-02-14 17:49:17,frank,45.33.32.156,Chrome,LOGIN_FAILED,/login,FAIL,0
2025-02-14 16:40:12,charlie,203.0.113.5,Edge,API_KEY_CREATE,/admin,SUCCESS,0
2025-02-14 11:24:09,bob,172.16.0.8,Firefox,LOGIN_SUCCESS,/login,SUCCESS,0
2025-02-14 05:08:48,grace,45.33.32.156,Firefox,LOGIN_FAILED,/login,FAIL,0
2025-02-14 17:43:08,charlie,185.220.101.1,Chrome,LOGIN_SUCCESS,/login,SUCCESS,0
2025-02-14 11:27:12,henry,192.168.1.10,Firefox,FILE_ACCESS,/home,SUCCESS,13686
2025-02-14 07:06:15,grace,185.220.101.1,Firefox,LOGIN_FAILED,/login,FAIL,0
2025-02-14 17:54:11,grace,104.26.3.2,Edge,LOGIN_FAILED,/login,FAIL,0
2025-02-14 08:01:45,eva,192.168.1.10,Chrome,LOGIN_SUCCESS,/login,SUCCESS,0
2025-02-14 16:39:02,henry,185.220.101.1,Chrome,LOGIN_FAILED,/login,FAIL,0
2025-02-14 19:46:26,frank,185.220.101.1,curl,FILE_ACCESS,/home,SUCCESS,61036
2025-02-14 15:28:45,bob,172.16.0.8,Firefox,LOGIN_SUCCESS,/login,SUCCESS,0
2025-02-14 12:41:28,bob,104.26.3.2,curl,FILE_ACCESS,/admin,SUCCESS,142761
2025-02-14 08:37:36,david,198.51.100.77,Chrome,FILE_ACCESS,/api/v1/token,SUCCESS,159257
2025-02-14 07:32:04,alice,198.51.100.77,Chrome,LOGIN_FAILED,/login,FAIL,0
2025-02-14 10:39:16,eva,203.0.113.5,Unknown,DATA_EXPORT,/files/db_backup,SUCCESS,7423218
2025-02-14 14:59:08,alice,203.0.113.5,curl,FILE_ACCESS,/payroll,SUCCESS,83644
2025-02-14 04:49:52,david,10.0.0.5,curl,LOGIN_FAILED,/login,FAIL,0
2025-02-14 14:17:52,henry,10.0.0.5,Edge,LOGIN_FAILED,/login,FAIL,0
2025-02-14 13:39:34,henry,192.168.1.20,Firefox,LOGIN_FAILED,/login,FAIL,0
2025-02-14 10:07:47,frank,104.26.3.2,Edge,DATA_EXPORT,/vault,SUCCESS,3734007
2025-02-14 03:23:28,henry,198.51.100.77,Firefox,FILE_ACCESS,/files/db_backup,SUCCESS,284636
2025-02-14 18:00:43,eva,198.51.100.77,Firefox,FILE_ACCESS,/vault,SUCCESS,86582
2025-02-14 04:45:17,henry,198.51.100.77,Chrome,PASSWORD_CHANGE,/home,SUCCESS,0
2025-02-14 22:47:54,henry,192.168.1.10,Firefox,LOGIN_SUCCESS,/login,SUCCESS,0
2025-02-14 00:01:28,grace,172.16.0.8,PowerShell,DATA_EXPORT,/payroll,SUCCESS,13789588
2025-02-14 09:58:36,bob,198.51.100.77,Edge,LOGIN_SUCCESS,/login,SUCCESS,0
2025-02-14 23:37:34,charlie,192.168.1.10,curl,LOGIN_SUCCESS,/login,SUCCESS,0
2025-02-14 08:31:29,grace,192.168.1.20,Chrome,LOGIN_FAILED,/login,FAIL,0
2025-02-14 02:50:15,charlie,172.16.0.8,Chrome,LOGIN_FAILED,/login,FAIL,0
2025-02-14 12:30:32,bob,45.33.32.156,Chrome,LOGIN_FAILED,/login,FAIL,0
2025-02-14 13:56:49,bob,192.168.1.20,PowerShell,LOGIN_SUCCESS,/login,SUCCESS,0
2025-02-14 04:59:33,grace,10.0.0.5,Chrome,LOGIN_FAILED,/login,FAIL,0
2025-02-14 20:30:31,alice,10.0.0.5,Edge,LOGIN_SUCCESS,/login,SUCCESS,0
2025-02-14 05:30:40,grace,104.26.3.2,PowerShell,FILE_ACCESS,/admin,SUCCESS,149409
2025-02-14 13:58:55,frank,45.33.32.156,Chrome,LOGIN_SUCCESS,/login,SUCCESS,0
2025-02-14 23:28:11,bob,172.16.0.8,curl,LOGIN_FAILED,/login,FAIL,0
2025-02-14 00:58:35,eva,172.16.0.8,Chrome,LOGIN_FAILED,/login,FAIL,0
2025-02-14 14:15:47,eva,192.168.1.10,Firefox,FILE_ACCESS,/hr,SUCCESS,155555
2025-02-14 04:06:17,david,104.26.3.2,Firefox,LOGIN_FAILED,/login,FAIL,0
2025-02-14 00:26:21,frank,198.51.100.77,Firefox,LOGIN_SUCCESS,/login,SUCCESS,0
2025-02-14 06:17:25,henry,192.168.1.20,Chrome,LOGIN_SUCCESS,/login,SUCCESS,0
2025-02-14 07:51:17,alice,192.168.1.10,Firefox,PRIV_ESCALATION,/api/v1/token,FAIL,0
2025-02-14 22:53:08,grace,45.33.32.156,Edge,LOGIN_FAILED,/login,FAIL,0
2025-02-14 19:34:31,charlie,203.0.113.5,Firefox,LOGIN_SUCCESS,/login,SUCCESS,0
2025-02-14 07:23:53,charlie,185.220.101.1,Chrome,LOGIN_SUCCESS,/login,SUCCESS,0
2025-02-14 15:55:42,david,192.168.1.10,Chrome,LOGIN_SUCCESS,/login,SUCCESS,0
2025-02-14 22:17:34,alice,203.0.113.5,Chrome,LOGIN_FAILED,/login,FAIL,0
2025-02-14 04:59:44,alice,10.0.0.5,Firefox,LOGIN_FAILED,/login,FAIL,0
2025-02-14 09:26:20,charlie,198.51.100.77,curl,LOGIN_SUCCESS,/login,SUCCESS,0
2025-02-14 04:17:53,alice,198.51.100.77,Firefox,FILE_ACCESS,/finance,SUCCESS,100126
2025-02-14 22:50:51,bob,104.26.3.2,Chrome,LOGIN_SUCCESS,/login,SUCCESS,0
2025-02-14 20:38:22,charlie,198.51.100.77,PowerShell,LOGIN_SUCCESS,/login,SUCCESS,0
2025-02-14 04:11:57,david,185.220.101.1,Chrome,LOGIN_SUCCESS,/login,SUCCESS,0
2025-02-14 17:10:35,frank,45.33.32.156,Unknown,API_KEY_CREATE,/payroll,SUCCESS,0
2025-02-14 01:17:15,grace,172.16.0.8,PowerShell,LOGIN_SUCCESS,/login,SUCCESS,0
2025-02-14 11:38:54,eva,192.168.1.20,Firefox,LOGIN_FAILED,/login,FAIL,0
2025-02-14 01:55:03,charlie,172.16.0.8,Unknown,FILE_ACCESS,/home,SUCCESS,363716
2025-02-14 02:30:34,henry,203.0.113.5,Chrome,FILE_ACCESS,/finance,SUCCESS,109242
2025-02-14 07:18:22,eva,203.0.113.5,Firefox,LOGIN_FAILED,/login,FAIL,0
2025-02-14 21:32:34,henry,172.16.0.8,curl,LOGIN_FAILED,/login,FAIL,0
2025-02-14 08:55:29,charlie,192.168.1.10,Chrome,PRIV_ESCALATION,/home,FAIL,0
2025-02-14 12:36:46,alice,198.51.100.77,python-requests,LOGIN_SUCCESS,/login,SUCCESS,0
2025-02-14 11:11:46,bob,172.16.0.8,Firefox,LOGIN_FAILED,/login,FAIL,0
2025-02-14 02:10:50,charlie,203.0.113.5,PowerShell,LOGIN_SUCCESS,/login,SUCCESS,0
2025-02-14 18:55:25,grace,198.51.100.77,Edge,LOGIN_SUCCESS,/login,SUCCESS,0
2025-02-14 18:24:07,charlie,45.33.32.156,Firefox,LOGIN_SUCCESS,/login,SUCCESS,0
2025-02-14 04:45:32,david,203.0.113.5,Unknown,LOGIN_SUCCESS,/login,SUCCESS,0
2025-02-14 14:18:25,frank,198.51.100.77,Chrome,LOGIN_SUCCESS,/login,SUCCESS,0
2025-02-14 07:22:49,charlie,192.168.1.20,Firefox,LOGIN_SUCCESS,/login,SUCCESS,0
2025-02-14 11:26:00,grace,192.168.1.20,Firefox,LOGIN_FAILED,/login,FAIL,0
2025-02-14 16:52:11,eva,192.168.1.20,python-requests,LOGIN_SUCCESS,/login,SUCCESS,0
2025-02-14 21:57:56,alice,172.16.0.8,Chrome,FILE_ACCESS,/vault,SUCCESS,116272
2025-02-14 09:02:14,frank,45.33.32.156,Chrome,LOGIN_FAILED,/login,FAIL,0
2025-02-14 06:19:49,alice,45.33.32.156,curl,FILE_ACCESS,/files/db_backup,SUCCESS,120092
2025-02-14 05:05:22,bob,192.168.1.10,Chrome,LOGIN_SUCCESS,/login,SUCCESS,0
2025-02-14 14:35:05,frank,192.168.1.20,PowerShell,LOGIN_FAILED,/login,FAIL,0
2025-02-14 02:43:48,alice,192.168.1.20,python-requests,LOGIN_SUCCESS,/login,SUCCESS,0
2025-02-14 03:20:55,frank,192.168.1.20,Chrome,LOGIN_SUCCESS,/login,SUCCESS,0
2025-02-14 20:53:40,grace,45.33.32.156,Edge,LOGIN_FAILED,/login,FAIL,0
2025-02-14 06:17:30,frank,172.16.0.8,Chrome,API_KEY_CREATE,/finance,SUCCESS,0
2025-02-14 05:24:41,alice,172.16.0.8,Firefox,LOGIN_FAILED,/login,FAIL,0
2025-02-14 20:02:59,henry,192.168.1.10,Chrome,LOGIN_SUCCESS,/login,SUCCESS,0
2025-02-14 07:15:43,david,185.220.101.1,python-requests,FILE_ACCESS,/api/v1/token,SUCCESS,220217
2025-02-14 13:04:29,henry,185.220.101.1,PowerShell,FILE_ACCESS,/vault,SUCCESS,30765
2025-02-14 06:32:48,alice,198.51.100.77,PowerShell,LOGIN_FAILED,/login,FAIL,0
2025-02-14 10:13:42,alice,104.26.3.2,Unknown,LOGIN_FAILED,/login,FAIL,0
2025-02-14 03:38:44,david,172.16.0.8,curl,LOGIN_SUCCESS,/login,SUCCESS,0
2025-02-14 07:59:18,grace,198.51.100.77,Chrome,PRIV_ESCALATION,/payroll,FAIL,0
2025-02-14 21:34:22,frank,198.51.100.77,curl,API_KEY_CREATE,/home,SUCCESS,0
2025-02-14 12:48:15,charlie,172.16.0.8,Firefox,FILE_ACCESS,/files/reports,SUCCESS,118658
2025-02-14 06:23:30,henry,192.168.1.10,Edge,LOGIN_SUCCESS,/login,SUCCESS,0
2025-02-14 00:43:32,henry,192.168.1.10,python-requests,LOGIN_SUCCESS,/login,SUCCESS,0
2025-02-14 12:24:23,charlie,198.51.100.77,Edge,LOGIN_SUCCESS,/login,SUCCESS,0
2025-02-14 05:09:26,bob,185.220.101.1,Firefox,FILE_ACCESS,/admin,SUCCESS,204368
2025-02-14 03:40:42,frank,203.0.113.5,curl,LOGIN_SUCCESS,/login,SUCCESS,0
2025-02-14 15:54:21,henry,198.51.100.77,Edge,LOGIN_SUCCESS,/login,SUCCESS,0
2025-02-14 22:20:40,frank,172.16.0.8,Firefox,LOGIN_FAILED,/login,FAIL,0
2025-02-14 10:43:22,charlie,10.0.0.5,python-requests,LOGIN_FAILED,/login,FAIL,0
2025-02-14 20:39:41,alice,10.0.0.5,Edge,LOGIN_FAILED,/login,FAIL,0
2025-02-14 03:47:25,henry,10.0.0.5,Chrome,LOGIN_SUCCESS,/login,SUCCESS,0
2025-02-14 11:37:59,charlie,192.168.1.20,Firefox,FILE_ACCESS,/vault,SUCCESS,87769
2025-02-14 09:39:21,david,172.16.0.8,Chrome,LOGIN_FAILED,/login,FAIL,0
2025-02-14 03:56:00,alice,192.168.1.10,Unknown,LOGIN_SUCCESS,/login,SUCCESS,0
2025-02-14 15:04:26,henry,45.33.32.156,Chrome,LOGIN_SUCCESS,/login,SUCCESS,0
2025-02-14 17:27:27,david,10.0.0.5,Chrome,LOGIN_SUCCESS,/login,SUCCESS,0
2025-02-14 11:36:14,eva,192.168.1.20,PowerShell,LOGIN_SUCCESS,/login,SUCCESS,0
2025-02-14 05:51:30,bob,185.220.101.1,Chrome,PRIV_ESCALATION,/admin,FAIL,0
2025-02-14 22:20:31,henry,192.168.1.10,Edge,LOGIN_SUCCESS,/login,SUCCESS,0
2025-02-14 15:48:31,charlie,192.168.1.10,Unknown,LOGIN_SUCCESS,/login,SUCCESS,0
2025-02-14 14:54:05,eva,203.0.113.5,Chrome,LOGIN_SUCCESS,/login,SUCCESS,0
2025-02-14 20:49:03,henry,10.0.0.5,Firefox,LOGIN_SUCCESS,/login,SUCCESS,0
2025-02-14 10:43:27,henry,172.16.0.8,Chrome,LOGIN_SUCCESS,/login,SUCCESS,0
2025-02-14 10:37:28,bob,104.26.3.2,python-requests,FILE_ACCESS,/finance,SUCCESS,67855
2025-02-14 09:38:54,bob,185.220.101.1,PowerShell,LOGIN_SUCCESS,/login,SUCCESS,0
2025-02-14 13:26:58,charlie,104.26.3.2,Firefox,LOGIN_SUCCESS,/login,SUCCESS,0
2025-02-14 08:14:14,eva,192.168.1.10,Chrome,LOGIN_SUCCESS,/login,SUCCESS,0
2025-02-14 12:31:01,grace,172.16.0.8,python-requests,LOGIN_FAILED,/login,FAIL,0
2025-02-14 15:14:30,henry,172.16.0.8,Firefox,LOGIN_FAILED,/login,FAIL,0
2025-02-14 01:15:51,charlie,192.168.1.20,Chrome,DATA_EXPORT,/files/reports,SUCCESS,15990388
2025-02-14 07:01:00,charlie,192.168.1.10,Chrome,LOGIN_SUCCESS,/login,SUCCESS,0
2025-02-14 22:50:11,charlie,203.0.113.5,Chrome,LOGIN_SUCCESS,/login,SUCCESS,0
2025-02-14 20:15:23,grace,185.220.101.1,Firefox,LOGIN_SUCCESS,/login,SUCCESS,0
2025-02-14 00:27:00,grace,192.168.1.20,Edge,LOGIN_SUCCESS,/login,SUCCESS,0
2025-02-14 21:12:52,bob,192.168.1.20,python-requests,LOGIN_FAILED,/login,FAIL,0
2025-02-14 19:30:06,frank,45.33.32.156,Edge,LOGIN_SUCCESS,/login,SUCCESS,0
2025-02-14 17:13:23,alice,10.0.0.5,Edge,LOGIN_SUCCESS,/login,SUCCESS,0
2025-02-14 14:37:34,alice,45.33.32.156,Edge,PASSWORD_CHANGE,/vault,SUCCESS,0
2025-02-14 01:47:40,henry,203.0.113.5,Chrome,PASSWORD_CHANGE,/home,SUCCESS,0
2025-02-14 11:02:02,eva,203.0.113.5,Unknown,FILE_ACCESS,/admin,SUCCESS,96379
2025-02-14 08:17:58,charlie,203.0.113.5,curl,DATA_EXPORT,/files/reports,SUCCESS,12373881
2025-02-14 22:01:35,bob,172.16.0.8,curl,LOGIN_SUCCESS,/login,SUCCESS,0
2025-02-14 18:48:18,frank,192.168.1.10,Chrome,LOGIN_FAILED,/login,FAIL,0
2025-02-14 18:27:06,grace,10.0.0.5,PowerShell,FILE_ACCESS,/files/db_backup,SUCCESS,177927
2025-02-14 07:18:29,alice,172.16.0.8,PowerShell,LOGIN_SUCCESS,/login,SUCCESS,0
2025-02-14 07:14:57,eva,198.51.100.77,Firefox,FILE_ACCESS,/files/db_backup,SUCCESS,130653
2025-02-14 04:30:36,alice,172.16.0.8,Chrome,LOGIN_SUCCESS,/login,SUCCESS,0
2025-02-14 17:16:44,frank,198.51.100.77,curl,LOGIN_SUCCESS,/login,SUCCESS,0
2025-02-14 03:17:27,eva,192.168.1.10,python-requests,LOGIN_SUCCESS,/login,SUCCESS,0
2025-02-14 07:48:11,david,172.16.0.8,Edge,LOGIN_FAILED,/login,FAIL,0
2025-02-14 18:41:16,alice,192.168.1.10,Edge,LOGIN_FAILED,/login,FAIL,0
2025-02-14 21:53:12,alice,172.16.0.8,curl,LOGIN_SUCCESS,/login,SUCCESS,0
2025-02-14 23:24:05,eva,45.33.32.156,Firefox,PASSWORD_CHANGE,/vault,SUCCESS,0
2025-02-14 07:56:41,henry,203.0.113.5,Edge,LOGIN_FAILED,/login,FAIL,0
2025-02-14 00:16:03,frank,185.220.101.1,Chrome,LOGIN_FAILED,/login,FAIL,0
2025-02-14 03:56:09,henry,192.168.1.20,Edge,LOGIN_SUCCESS,/login,SUCCESS,0
2025-02-14 10:04:51,eva,203.0.113.5,curl,LOGIN_SUCCESS,/login,SUCCESS,0
2025-02-14 02:04:01,grace,198.51.100.77,Edge,LOGIN_FAILED,/login,FAIL,0
2025-02-14 10:45:45,eva,45.33.32.156,Edge,LOGIN_SUCCESS,/login,SUCCESS,0
2025-02-14 20:49:38,david,198.51.100.77,Edge,LOGIN_FAILED,/login,FAIL,0
2025-02-14 23:14:25,henry,198.51.100.77,python-requests,LOGIN_FAILED,/login,FAIL,0
2025-02-14 20:19:30,charlie,203.0.113.5,curl,LOGIN_SUCCESS,/login,SUCCESS,0
2025-02-14 20:21:13,charlie,198.51.100.77,Firefox,LOGIN_FAILED,/login,FAIL,0
2025-02-14 11:10:50,grace,198.51.100.77,Firefox,LOGIN_SUCCESS,/login,SUCCESS,0
2025-02-14 04:17:17,henry,192.168.1.10,Firefox,FILE_ACCESS,/admin,SUCCESS,135524
2025-02-14 13:53:46,eva,45.33.32.156,Chrome,LOGIN_SUCCESS,/login,SUCCESS,0
2025-02-14 07:17:33,frank,45.33.32.156,Chrome,DATA_EXPORT,/files/reports,SUCCESS,9227845
2025-02-14 02:56:32,henry,198.51.100.77,Chrome,LOGIN_FAILED,/login,FAIL,0
2025-02-14 02:06:43,alice,104.26.3.2,Edge,LOGIN_SUCCESS,/login,SUCCESS,0
2025-02-14 05:46:06,henry,192.168.1.20,Edge,LOGIN_SUCCESS,/login,SUCCESS,0
2025-02-14 14:41:13,grace,104.26.3.2,Firefox,LOGIN_SUCCESS,/login,SUCCESS,0
2025-02-14 13:35:03,alice,198.51.100.77,Chrome,FILE_ACCESS,/files/db_backup,SUCCESS,76813
2025-02-14 00:09:00,david,172.16.0.8,Chrome,LOGIN_FAILED,/login,FAIL,0
2025-02-14 03:44:22,grace,185.220.101.1,Chrome,LOGIN_FAILED,/login,FAIL,0
2025-02-14 01:39:52,eva,203.0.113.5,Edge,LOGIN_SUCCESS,/login,SUCCESS,0
2025-02-14 12:18:00,grace,10.0.0.5,Firefox,LOGIN_SUCCESS,/login,SUCCESS,0
2025-02-14 06:51:37,charlie,45.33.32.156,curl,LOGIN_SUCCESS,/login,SUCCESS,0
2025-02-14 04:46:37,david,192.168.1.10,Chrome,LOGIN_FAILED,/login,FAIL,0
2025-02-14 23:41:07,alice,45.33.32.156,curl,PASSWORD_CHANGE,/finance,SUCCESS,0
2025-02-14 22:41:15,alice,192.168.1.10,Chrome,LOGIN_FAILED,/login,FAIL,0
2025-02-14 04:12:56,grace,104.26.3.2,Chrome,LOGIN_SUCCESS,/login,SUCCESS,0
2025-02-14 05:34:30,david,192.168.1.10,Edge,LOGIN_SUCCESS,/login,SUCCESS,0
2025-02-14 09:49:46,charlie,45.33.32.156,Firefox,FILE_ACCESS,/admin,SUCCESS,65796
2025-02-14 03:52:08,henry,172.16.0.8,python-requests,LOGIN_FAILED,/login,FAIL,0
2025-02-14 07:20:33,frank,45.33.32.156,Firefox,LOGIN_SUCCESS,/login,SUCCESS,0
2025-02-14 07:33:42,henry,198.51.100.77,Edge,LOGIN_SUCCESS,/login,SUCCESS,0
2025-02-14 04:01:14,henry,10.0.0.5,Chrome,DATA_EXPORT,/files/db_backup,SUCCESS,6924794
2025-02-14 23:27:34,david,104.26.3.2,Chrome,DATA_EXPORT,/finance,SUCCESS,13225354
2025-02-14 01:26:10,eva,198.51.100.77,Firefox,FILE_ACCESS,/vault,SUCCESS,171021
2025-02-14 04:13:11,bob,192.168.1.10,Edge,LOGIN_SUCCESS,/login,SUCCESS,0
2025-02-14 06:12:29,frank,198.51.100.77,PowerShell,PASSWORD_CHANGE,/finance,SUCCESS,0
2025-02-14 03:23:03,frank,198.51.100.77,Firefox,LOGIN_SUCCESS,/login,SUCCESS,0
2025-02-14 16:37:19,eva,45.33.32.156,python-requests,LOGIN_FAILED,/login,FAIL,0
2025-02-14 23:37:25,charlie,192.168.1.20,Unknown,LOGIN_SUCCESS,/login,SUCCESS,0
2025-02-14 05:48:12,bob,45.33.32.156,python-requests,API_KEY_CREATE,/files/reports,SUCCESS,0
2025-02-14 15:57:10,charlie,45.33.32.156,PowerShell,FILE_ACCESS,/home,SUCCESS,225729
2025-02-14 04:45:25,henry,104.26.3.2,Firefox,LOGIN_SUCCESS,/login,SUCCESS,0
2025-02-14 02:18:21,eva,198.51.100.77,curl,LOGIN_SUCCESS,/login,SUCCESS,0
2025-02-14 20:59:42,david,198.51.100.77,Firefox,LOGIN_FAILED,/login,FAIL,0
2025-02-14 09:03:01,henry,198.51.100.77,Chrome,LOGIN_FAILED,/login,FAIL,0
2025-02-14 20:19:43,alice,192.168.1.10,Firefox,LOGIN_FAILED,/login,FAIL,0
2025-02-14 17:05:10,henry,10.0.0.5,Chrome,LOGIN_SUCCESS,/login,SUCCESS,0
2025-02-14 12:02:51,eva,192.168.1.10,Edge,LOGIN_FAILED,/login,FAIL,0
2025-02-14 14:40:58,david,192.168.1.20,Chrome,LOGIN_SUCCESS,/login,SUCCESS,0
2025-02-14 18:08:53,henry,198.51.100.77,curl,LOGIN_SUCCESS,/login,SUCCESS,0
2025-02-14 00:38:49,bob,45.33.32.156,Firefox,LOGIN_SUCCESS,/login,SUCCESS,0
2025-02-14 03:18:33,eva,185.220.101.1,Unknown,LOGIN_FAILED,/login,FAIL,0
2025-02-14 13:13:44,alice,172.16.0.8,Edge,FILE_ACCESS,/vault,SUCCESS,20651
2025-02-14 22:33:52,henry,198.51.100.77,Chrome,LOGIN_FAILED,/login,FAIL,0
2025-02-14 23:59:24,david,192.168.1.10,Firefox,LOGIN_SUCCESS,/login,SUCCESS,0
2025-02-14 13:36:46,bob,192.168.1.10,Chrome,PASSWORD_CHANGE,/files/reports,SUCCESS,0
2025-02-14 14:53:56,bob,203.0.113.5,Chrome,LOGIN_FAILED,/login,FAIL,0
2025-02-14 14:18:17,david,104.26.3.2,curl,FILE_ACCESS,/hr,SUCCESS,192574
2025-02-14 23:03:20,bob,104.26.3.2,Chrome,LOGIN_SUCCESS,/login,SUCCESS,0
2025-02-14 18:09:42,alice,185.220.101.1,Unknown,LOGIN_FAILED,/login,FAIL,0
2025-02-14 21:18:12,henry,185.220.101.1,Edge,FILE_ACCESS,/payroll,SUCCESS,178342
2025-02-14 06:19:20,charlie,192.168.1.20,Firefox,LOGIN_SUCCESS,/login,SUCCESS,0
2025-02-14 14:00:18,grace,172.16.0.8,Unknown,LOGIN_SUCCESS,/login,SUCCESS,0
2025-02-14 16:29:15,charlie,10.0.0.5,Chrome,LOGIN_SUCCESS,/login,SUCCESS,0
2025-02-14 19:56:42,frank,185.220.101.1,Chrome,LOGIN_FAILED,/login,FAIL,0
2025-02-14 10:34:46,frank,10.0.0.5,Firefox,DATA_EXPORT,/payroll,SUCCESS,5513660
2025-02-14 04:12:06,frank,185.220.101.1,Edge,LOGIN_FAILED,/login,FAIL,0
2025-02-14 19:26:19,eva,45.33.32.156,Chrome,FILE_ACCESS,/files/db_backup,SUCCESS,98223
2025-02-14 02:03:39,david,203.0.113.5,Unknown,FILE_ACCESS,/payroll,SUCCESS,140226
2025-02-14 09:07:21,charlie,192.168.1.10,Chrome,LOGIN_FAILED,/login,FAIL,0
2025-02-14 19:42:12,alice,198.51.100.77,Edge,FILE_ACCESS,/admin,SUCCESS,67847
2025-02-14 08:10:00,grace,172.16.0.8,Edge,LOGIN_FAILED,/login,FAIL,0
2025-02-14 01:42:37,grace,45.33.32.156,Unknown,LOGIN_SUCCESS,/login,SUCCESS,0
2025-02-14 01:57:31,alice,203.0.113.5,python-requests,LOGIN_SUCCESS,/login,SUCCESS,0
2025-02-14 23:04:31,frank,185.220.101.1,curl,LOGIN_FAILED,/login,FAIL,0
2025-02-14 07:02:42,eva,104.26.3.2,Chrome,LOGIN_SUCCESS,/login,SUCCESS,0
2025-02-14 06:19:39,bob,45.33.32.156,Edge,LOGIN_SUCCESS,/login,SUCCESS,0
2025-02-14 04:44:08,charlie,203.0.113.5,curl,LOGIN_SUCCESS,/login,SUCCESS,0
2025-02-14 05:38:10,alice,10.0.0.5,curl,PRIV_ESCALATION,/home,FAIL,0
2025-02-14 22:46:08,eva,104.26.3.2,Firefox,FILE_ACCESS,/files/db_backup,SUCCESS,16803
2025-02-14 11:34:22,david,10.0.0.5,Chrome,LOGIN_FAILED,/login,FAIL,0
2025-02-14 19:46:22,grace,192.168.1.20,Edge,LOGIN_SUCCESS,/login,SUCCESS,0
2025-02-14 12:03:13,frank,203.0.113.5,Firefox,LOGIN_SUCCESS,/login,SUCCESS,0
2025-02-14 20:26:15,alice,192.168.1.20,Chrome,LOGIN_FAILED,/login,FAIL,0
2025-02-14 23:23:02,david,192.168.1.10,Firefox,LOGIN_FAILED,/login,FAIL,0
2025-02-14 04:07:40,grace,203.0.113.5,Chrome,LOGIN_FAILED,/login,FAIL,0
2025-02-14 18:49:06,frank,185.220.101.1,Firefox,FILE_ACCESS,/files/reports,SUCCESS,82411
2025-02-14 11:39:44,bob,192.168.1.20,Firefox,LOGIN_SUCCESS,/login,SUCCESS,0
2025-02-14 22:49:33,bob,172.16.0.8,PowerShell,LOGIN_FAILED,/login,FAIL,0
2025-02-14 15:26:41,bob,172.16.0.8,Edge,LOGIN_FAILED,/login,FAIL,0
2025-02-14 02:37:32,charlie,192.168.1.10,Chrome,LOGIN_FAILED,/login,FAIL,0
2025-02-14 02:40:00,alice,10.0.0.5,Chrome,FILE_ACCESS,/files/db_backup,SUCCESS,245160
2025-02-14 08:17:17,eva,45.33.32.156,Firefox,LOGIN_SUCCESS,/login,SUCCESS,0
2025-02-14 00:36:53,grace,192.168.1.20,curl,LOGIN_FAILED,/login,FAIL,0
2025-02-14 21:19:16,alice,192.168.1.20,Chrome,LOGIN_SUCCESS,/login,SUCCESS,0
2025-02-14 10:58:18,bob,203.0.113.5,Firefox,FILE_ACCESS,/files/reports,SUCCESS,129859
2025-02-14 05:41:29,david,10.0.0.5,Chrome,FILE_ACCESS,/files/db_backup,SUCCESS,99753
2025-02-14 23:05:05,charlie,203.0.113.5,Unknown,LOGIN_FAILED,/login,FAIL,0
2025-02-14 00:24:21,charlie,192.168.1.20,Firefox,LOGIN_SUCCESS,/login,SUCCESS,0
2025-02-14 03:05:57,eva,172.16.0.8,Chrome,FILE_ACCESS,/vault,SUCCESS,265756
2025-02-14 05:11:11,charlie,10.0.0.5,Chrome,LOGIN_SUCCESS,/login,SUCCESS,0
2025-02-14 06:36:10,alice,185.220.101.1,Chrome,LOGIN_FAILED,/login,FAIL,0
2025-02-14 02:27:09,eva,192.168.1.20,Unknown,LOGIN_SUCCESS,/login,SUCCESS,0
2025-02-14 13:00:10,charlie,172.16.0.8,PowerShell,LOGIN_SUCCESS,/login,SUCCESS,0
2025-02-14 11:34:12,henry,104.26.3.2,Edge,LOGIN_SUCCESS,/login,SUCCESS,0
2025-02-14 05:32:54,frank,198.51.100.77,Chrome,DATA_EXPORT,/payroll,SUCCESS,8051018
2025-02-14 23:19:55,grace,203.0.113.5,Edge,FILE_ACCESS,/payroll,SUCCESS,183674
2025-02-14 12:04:18,henry,104.26.3.2,Firefox,LOGIN_SUCCESS,/login,SUCCESS,0
2025-02-14 03:57:44,charlie,192.168.1.20,PowerShell,FILE_ACCESS,/payroll,SUCCESS,168341
2025-02-14 22:48:52,bob,192.168.1.20,Edge,PASSWORD_CHANGE,/files/db_backup,SUCCESS,0
2025-02-14 21:11:09,grace,172.16.0.8,Chrome,API_KEY_CREATE,/files/db_backup,SUCCESS,0
2025-02-14 19:38:56,henry,10.0.0.5,PowerShell,LOGIN_SUCCESS,/login,SUCCESS,0
2025-02-14 21:28:00,eva,10.0.0.5,Chrome,LOGIN_FAILED,/login,FAIL,0
2025-02-14 13:14:52,alice,172.16.0.8,curl,FILE_ACCESS,/payroll,SUCCESS,258160
2025-02-14 05:06:38,henry,10.0.0.5,curl,LOGIN_SUCCESS,/login,SUCCESS,0
2025-02-14 17:36:13,frank,192.168.1.10,Chrome,LOGIN_SUCCESS,/login,SUCCESS,0
2025-02-14 09:37:29,frank,172.16.0.8,Firefox,LOGIN_SUCCESS,/login,SUCCESS,0
2025-02-14 13:09:09,grace,104.26.3.2,Chrome,API_KEY_CREATE,/home,SUCCESS,0
2025-02-14 23:36:43,frank,192.168.1.20,Edge,LOGIN_FAILED,/login,FAIL,0
2025-02-14 09:57:27,eva,185.220.101.1,Edge,LOGIN_FAILED,/login,FAIL,0
2025-02-14 13:18:00,bob,185.220.101.1,Firefox,LOGIN_SUCCESS,/login,SUCCESS,0
2025-02-14 12:50:55,frank,104.26.3.2,Firefox,FILE_ACCESS,/home,SUCCESS,154790
2025-02-14 02:48:24,eva,172.16.0.8,Firefox,LOGIN_SUCCESS,/login,SUCCESS,0
2025-02-14 04:18:29,david,45.33.32.156,Firefox,FILE_ACCESS,/admin,SUCCESS,161504
2025-02-14 17:25:59,henry,172.16.0.8,Chrome,LOGIN_FAILED,/login,FAIL,0
2025-02-14 01:34:15,charlie,10.0.0.5,Chrome,LOGIN_SUCCESS,/login,SUCCESS,0
2025-02-14 20:50:08,charlie,192.168.1.10,Firefox,LOGIN_SUCCESS,/login,SUCCESS,0
2025-02-14 14:45:43,alice,203.0.113.5,Firefox,PRIV_ESCALATION,/hr,FAIL,0
2025-02-14 17:09:49,henry,10.0.0.5,Edge,LOGIN_SUCCESS,/login,SUCCESS,0
2025-02-14 21:12:48,charlie,185.220.101.1,Unknown,LOGIN_SUCCESS,/login,SUCCESS,0
2025-02-14 21:43:08,bob,172.16.0.8,Chrome,LOGIN_SUCCESS,/login,SUCCESS,0
2025-02-14 07:22:02,grace,10.0.0.5,Firefox,LOGIN_FAILED,/login,FAIL,0
2025-02-14 22:22:56,alice,185.220.101.1,Chrome,LOGIN_FAILED,/login,FAIL,0
2025-02-14 04:44:42,alice,45.33.32.156,PowerShell,LOGIN_FAILED,/login,FAIL,0
2025-02-14 19:17:24,grace,172.16.0.8,python-requests,PRIV_ESCALATION,/files/reports,FAIL,0
2025-02-14 13:52:49,frank,192.168.1.20,Firefox,LOGIN_SUCCESS,/login,SUCCESS,0
2025-02-14 08:27:55,bob,203.0.113.5,Firefox,LOGIN_FAILED,/login,FAIL,0
2025-02-14 06:52:55,alice,192.168.1.10,Firefox,LOGIN_FAILED,/login,FAIL,0
2025-02-14 13:39:15,david,198.51.100.77,Chrome,LOGIN_SUCCESS,/login,SUCCESS,0
2025-02-14 23:43:23,eva,203.0.113.5,Edge,FILE_ACCESS,/api/v1/token,SUCCESS,92822
2025-02-14 14:28:15,david,45.33.32.156,Firefox,LOGIN_FAILED,/login,FAIL,0
2025-02-14 13:28:44,henry,203.0.113.5,curl,DATA_EXPORT,/vault,SUCCESS,6688345
2025-02-14 04:20:08,david,104.26.3.2,Chrome,FILE_ACCESS,/payroll,SUCCESS,149301
2025-02-14 18:30:29,grace,198.51.100.77,Chrome,FILE_ACCESS,/home,SUCCESS,129041
2025-02-14 03:18:59,charlie,104.26.3.2,Chrome,API_KEY_CREATE,/api/v1/token,SUCCESS,0
2025-02-14 09:34:43,david,198.51.100.77,curl,LOGIN_SUCCESS,/login,SUCCESS,0
2025-02-14 14:35:13,eva,192.168.1.10,Edge,PRIV_ESCALATION,/payroll,FAIL,0
2025-02-14 15:58:56,alice,172.16.0.8,Chrome,FILE_ACCESS,/files/db_backup,SUCCESS,117953
2025-02-14 01:13:25,david,10.0.0.5,Chrome,LOGIN_FAILED,/login,FAIL,0
2025-02-14 00:00:37,charlie,192.168.1.20,Firefox,DATA_EXPORT,/api/v1/token,SUCCESS,10439392
2025-02-14 18:51:01,alice,192.168.1.20,Chrome,API_KEY_CREATE,/files/db_backup,SUCCESS,0
2025-02-14 20:21:24,frank,198.51.100.77,Chrome,DATA_EXPORT,/finance,SUCCESS,7239910
2025-02-14 14:42:27,alice,203.0.113.5,Chrome,LOGIN_SUCCESS,/login,SUCCESS,0
2025-02-14 02:38:07,eva,198.51.100.77,Unknown,PRIV_ESCALATION,/files/db_backup,FAIL,0
2025-02-14 19:35:04,eva,104.26.3.2,curl,DATA_EXPORT,/files/reports,SUCCESS,359509
2025-02-14 16:42:22,henry,192.168.1.10,Chrome,LOGIN_FAILED,/login,FAIL,0
2025-02-14 23:04:15,david,172.16.0.8,Unknown,FILE_ACCESS,/api/v1/token,SUCCESS,107486
2025-02-14 09:35:17,david,203.0.113.5,Chrome,LOGIN_SUCCESS,/login,SUCCESS,0
2025-02-14 06:29:54,henry,198.51.100.77,Chrome,LOGIN_SUCCESS,/login,SUCCESS,0
2025-02-14 06:55:25,henry,172.16.0.8,PowerShell,LOGIN_SUCCESS,/login,SUCCESS,0
2025-02-14 07:31:42,david,172.16.0.8,Chrome,FILE_ACCESS,/vault,SUCCESS,118697
2025-02-14 03:53:03,bob,192.168.1.20,Edge,LOGIN_FAILED,/login,FAIL,0
2025-02-14 19:42:52,alice,104.26.3.2,Firefox,LOGIN_SUCCESS,/login,SUCCESS,0
2025-02-14 20:55:03,eva,104.26.3.2,Chrome,LOGIN_SUCCESS,/login,SUCCESS,0
2025-02-14 08:05:10,charlie,192.168.1.10,Firefox,LOGIN_FAILED,/login,FAIL,0
2025-02-14 19:41:19,alice,185.220.101.1,Firefox,LOGIN_SUCCESS,/login,SUCCESS,0
2025-02-14 04:22:56,henry,198.51.100.77,Edge,LOGIN_FAILED,/login,FAIL,0
2025-02-14 13:48:52,bob,198.51.100.77,Chrome,LOGIN_SUCCESS,/login,SUCCESS,0
2025-02-14 09:34:12,david,203.0.113.5,Firefox,LOGIN_FAILED,/login,FAIL,0
2025-02-14 18:09:34,grace,172.16.0.8,Firefox,LOGIN_SUCCESS,/login,SUCCESS,0
2025-02-14 14:35:06,eva,104.26.3.2,Unknown,LOGIN_SUCCESS,/login,SUCCESS,0
2025-02-14 08:19:18,bob,203.0.113.5,Firefox,FILE_ACCESS,/files/db_backup,SUCCESS,82970
2025-02-14 05:26:41,henry,192.168.1.10,Chrome,LOGIN_SUCCESS,/login,SUCCESS,0
2025-02-14 22:57:40,frank,104.26.3.2,python-requests,LOGIN_SUCCESS,/login,SUCCESS,0
2025-02-14 01:44:13,grace,192.168.1.20,Chrome,LOGIN_FAILED,/login,FAIL,0
2025-02-14 09:15:30,henry,192.168.1.20,Chrome,LOGIN_SUCCESS,/login,SUCCESS,0
2025-02-14 13:07:06,eva,198.51.100.77,Firefox,LOGIN_SUCCESS,/login,SUCCESS,0
2025-02-14 22:02:54,david,185.220.101.1,Firefox,LOGIN_SUCCESS,/login,SUCCESS,0
2025-02-14 18:35:04,henry,104.26.3.2,Edge,PASSWORD_CHANGE,/api/v1/token,SUCCESS,0
2025-02-14 16:53:04,charlie,10.0.0.5,Firefox,LOGIN_FAILED,/login,FAIL,0
2025-02-14 22:17:36,grace,192.168.1.20,Chrome,LOGIN_SUCCESS,/login,SUCCESS,0
2025-02-14 11:32:13,eva,203.0.113.5,Chrome,LOGIN_FAILED,/login,FAIL,0
2025-02-14 16:11:53,frank,185.220.101.1,Chrome,DATA_EXPORT,/api/v1/token,SUCCESS,8944299
2025-02-14 08:32:33,eva,192.168.1.20,Chrome,LOGIN_SUCCESS,/login,SUCCESS,0
2025-02-14 02:19:21,henry,185.220.101.1,Firefox,LOGIN_SUCCESS,/login,SUCCESS,0
2025-02-14 03:01:51,bob,203.0.113.5,Edge,LOGIN_FAILED,/login,FAIL,0
2025-02-14 14:11:37,eva,172.16.0.8,Firefox,LOGIN_SUCCESS,/login,SUCCESS,0
2025-02-14 04:36:09,charlie,185.220.101.1,Chrome,FILE_ACCESS,/home,SUCCESS,83102
2025-02-14 12:59:31,frank,104.26.3.2,Unknown,LOGIN_FAILED,/login,FAIL,0
2025-02-14 19:58:18,henry,10.0.0.5,Chrome,DATA_EXPORT,/files/db_backup,SUCCESS,5562181
2025-02-14 23:09:02,grace,185.220.101.1,Chrome,LOGIN_FAILED,/login,FAIL,0
2025-02-14 12:38:24,henry,185.220.101.1,Firefox,LOGIN_SUCCESS,/login,SUCCESS,0
2025-02-14 13:19:03,grace,203.0.113.5,Chrome,LOGIN_SUCCESS,/login,SUCCESS,0
2025-02-14 04:57:45,frank,203.0.113.5,Edge,LOGIN_FAILED,/login,FAIL,0
2025-02-14 17:54:38,henry,203.0.113.5,python-requests,LOGIN_SUCCESS,/login,SUCCESS,0
2025-02-14 21:44:10,david,192.168.1.10,Firefox,LOGIN_FAILED,/login,FAIL,0
2025-02-14 20:24:32,grace,45.33.32.156,python-requests,LOGIN_SUCCESS,/login,SUCCESS,0
2025-02-14 08:01:53,eva,192.168.1.20,Firefox,LOGIN_SUCCESS,/login,SUCCESS,0
2025-02-14 22:19:35,eva,203.0.113.5,python-requests,LOGIN_FAILED,/login,FAIL,0
2025-02-14 15:02:00,david,192.168.1.20,Chrome,LOGIN_SUCCESS,/login,SUCCESS,0
2025-02-14 16:34:42,henry,203.0.113.5,Chrome,LOGIN_FAILED,/login,FAIL,0
2025-02-14 00:42:22,charlie,192.168.1.10,Chrome,DATA_EXPORT,/home,SUCCESS,9423840
2025-02-14 15:57:44,alice,172.16.0.8,Firefox,LOGIN_SUCCESS,/login,SUCCESS,0
2025-02-14 12:26:55,grace,203.0.113.5,Unknown,FILE_ACCESS,/files/reports,SUCCESS,35220
2025-02-14 12:01:26,bob,10.0.0.5,Chrome,LOGIN_SUCCESS,/login,SUCCESS,0
2025-02-14 17:07:03,charlie,172.16.0.8,python-requests,PASSWORD_CHANGE,/finance,SUCCESS,0
2025-02-14 00:27:33,bob,172.16.0.8,Chrome,LOGIN_SUCCESS,/login,SUCCESS,0
2025-02-14 01:13:12,david,104.26.3.2,Firefox,LOGIN_FAILED,/login,FAIL,0
2025-02-14 07:35:21,henry,45.33.32.156,Unknown,LOGIN_FAILED,/login,FAIL,0
2025-02-14 05:46:29,alice,185.220.101.1,Firefox,LOGIN_FAILED,/login,FAIL,0
2025-02-14 10:52:46,david,198.51.100.77,Unknown,PASSWORD_CHANGE,/hr,SUCCESS,0
2025-02-14 08:35:28,grace,198.51.100.77,Edge,LOGIN_SUCCESS,/login,SUCCESS,0
2025-02-14 14:24:39,david,192.168.1.10,Edge,DATA_EXPORT,/files/reports,SUCCESS,10894625
2025-02-14 09:03:20,charlie,104.26.3.2,Unknown,LOGIN_SUCCESS,/login,SUCCESS,0
2025-02-14 22:45:37,alice,192.168.1.10,curl,LOGIN_SUCCESS,/login,SUCCESS,0
2025-02-14 03:54:36,charlie,104.26.3.2,python-requests,LOGIN_SUCCESS,/login,SUCCESS,0
2025-02-14 12:38:43,henry,172.16.0.8,Firefox,LOGIN_SUCCESS,/login,SUCCESS,0
2025-02-14 04:54:19,eva,192.168.1.10,Edge,LOGIN_FAILED,/login,FAIL,0
2025-02-14 19:45:37,henry,172.16.0.8,Chrome,LOGIN_FAILED,/login,FAIL,0
2025-02-14 17:03:13,eva,185.220.101.1,Chrome,LOGIN_SUCCESS,/login,SUCCESS,0
2025-02-14 10:45:54,eva,185.220.101.1,curl,LOGIN_SUCCESS,/login,SUCCESS,0
2025-02-14 18:25:16,grace,10.0.0.5,curl,PASSWORD_CHANGE,/vault,SUCCESS,0
2025-02-14 08:41:38,frank,192.168.1.20,python-requests,LOGIN_FAILED,/login,FAIL,0
2025-02-14 06:54:46,henry,185.220.101.1,Chrome,LOGIN_SUCCESS,/login,SUCCESS,0
2025-02-14 23:20:04,frank,192.168.1.20,Chrome,LOGIN_SUCCESS,/login,SUCCESS,0
2025-02-14 04:43:29,charlie,192.168.1.10,Chrome,LOGIN_SUCCESS,/login,SUCCESS,0
2025-02-14 01:09:30,grace,104.26.3.2,Chrome,LOGIN_FAILED,/login,FAIL,0
2025-02-14 08:02:10,bob,192.168.1.10,Edge,PRIV_ESCALATION,/hr,FAIL,0
2025-02-14 02:54:40,henry,192.168.1.10,python-requests,LOGIN_SUCCESS,/login,SUCCESS,0
2025-02-14 02:07:21,eva,185.220.101.1,python-requests,LOGIN_SUCCESS,/login,SUCCESS,0
2025-02-14 02:50:15,david,185.220.101.1,Firefox,LOGIN_SUCCESS,/login,SUCCESS,0
2025-02-14 06:53:52,david,185.220.101.1,Edge,LOGIN_FAILED,/login,FAIL,0
2025-02-14 20:19:16,grace,192.168.1.20,Edge,FILE_ACCESS,/vault,SUCCESS,247765
2025-02-14 15:32:57,bob,10.0.0.5,Firefox,FILE_ACCESS,/files/db_backup,SUCCESS,92400
2025-02-14 21:50:32,henry,198.51.100.77,Unknown,API_KEY_CREATE,/files/db_backup,SUCCESS,0
2025-02-14 11:49:13,frank,45.33.32.156,python-requests,FILE_ACCESS,/api/v1/token,SUCCESS,165029
2025-02-14 11:46:35,david,185.220.101.1,Unknown,LOGIN_SUCCESS,/login,SUCCESS,0
2025-02-14 09:15:03,frank,104.26.3.2,Chrome,LOGIN_SUCCESS,/login,SUCCESS,0
2025-02-14 01:15:43,eva,192.168.1.10,Chrome,LOGIN_FAILED,/login,FAIL,0
2025-02-14 08:04:43,david,198.51.100.77,PowerShell,LOGIN_SUCCESS,/login,SUCCESS,0
2025-02-14 18:36:53,charlie,192.168.1.20,Chrome,LOGIN_SUCCESS,/login,SUCCESS,0
2025-02-14 09:38:52,frank,172.16.0.8,Chrome,LOGIN_SUCCESS,/login,SUCCESS,0
2025-02-14 14:33:22,david,192.168.1.20,Chrome,LOGIN_FAILED,/login,FAIL,0
2025-02-14 20:58:47,bob,203.0.113.5,Chrome,LOGIN_SUCCESS,/login,SUCCESS,0
2025-02-14 02:02:09,frank,198.51.100.77,Firefox,PASSWORD_CHANGE,/api/v1/token,SUCCESS,0
2025-02-14 04:23:19,david,192.168.1.10,Chrome,LOGIN_FAILED,/login,FAIL,0
2025-02-14 19:05:31,alice,198.51.100.77,Chrome,LOGIN_FAILED,/login,FAIL,0
2025-02-14 08:02:20,charlie,192.168.1.10,Unknown,LOGIN_FAILED,/login,FAIL,0
2025-02-14 21:40:05,bob,172.16.0.8,Chrome,LOGIN_SUCCESS,/login,SUCCESS,0
2025-02-14 12:14:22,bob,104.26.3.2,Firefox,LOGIN_FAILED,/login,FAIL,0
2025-02-14 09:33:33,bob,45.33.32.156,curl,LOGIN_FAILED,/login,FAIL,0
2025-02-14 17:30:35,david,104.26.3.2,Edge,LOGIN_SUCCESS,/login,SUCCESS,0
2025-02-14 19:05:14,david,172.16.0.8,Chrome,LOGIN_SUCCESS,/login,SUCCESS,0
2025-02-14 20:58:19,bob,192.168.1.20,Firefox,LOGIN_FAILED,/login,FAIL,0
2025-02-14 06:56:07,frank,198.51.100.77,curl,LOGIN_FAILED,/login,FAIL,0
2025-02-14 06:09:44,frank,104.26.3.2,Chrome,LOGIN_FAILED,/login,FAIL,0
2025-02-14 08:30:03,david,198.51.100.77,Chrome,LOGIN_SUCCESS,/login,SUCCESS,0
2025-02-14 01:59:08,david,10.0.0.5,Chrome,PASSWORD_CHANGE,/finance,SUCCESS,0
2025-02-14 04:03:05,eva,104.26.3.2,Chrome,LOGIN_FAILED,/login,FAIL,0
2025-02-14 19:35:17,david,172.16.0.8,Firefox,LOGIN_FAILED,/login,FAIL,0
2025-02-14 22:41:03,charlie,192.168.1.10,Chrome,LOGIN_SUCCESS,/login,SUCCESS,0
2025-02-14 06:12:04,alice,203.0.113.5,Chrome,LOGIN_SUCCESS,/login,SUCCESS,0
2025-02-14 23:50:20,alice,192.168.1.20,Edge,LOGIN_SUCCESS,/login,SUCCESS,0
2025-02-14 13:06:54,bob,192.168.1.10,Chrome,LOGIN_SUCCESS,/login,SUCCESS,0
2025-02-14 13:51:39,bob,198.51.100.77,Chrome,LOGIN_FAILED,/login,FAIL,0
2025-02-14 07:14:26,henry,185.220.101.1,Chrome,API_KEY_CREATE,/home,SUCCESS,0
2025-02-14 19:16:31,eva,198.51.100.77,Chrome,LOGIN_FAILED,/login,FAIL,0
2025-02-14 12:48:45,frank,203.0.113.5,Chrome,LOGIN_SUCCESS,/login,SUCCESS,0
2025-02-14 02:15:27,eva,45.33.32.156,Unknown,PASSWORD_CHANGE,/home,SUCCESS,0
2025-02-14 10:12:05,david,10.0.0.5,Edge,LOGIN_SUCCESS,/login,SUCCESS,0
2025-02-14 03:11:47,grace,185.220.101.1,Firefox,DATA_EXPORT,/hr,SUCCESS,6601204
2025-02-14 11:22:24,frank,104.26.3.2,Edge,LOGIN_FAILED,/login,FAIL,0
2025-02-14 21:09:16,david,10.0.0.5,PowerShell,LOGIN_SUCCESS,/login,SUCCESS,0
2025-02-14 15:39:29,charlie,10.0.0.5,Firefox,LOGIN_SUCCESS,/login,SUCCESS,0
2025-02-14 04:18:37,charlie,198.51.100.77,curl,FILE_ACCESS,/payroll,SUCCESS,137950
2025-02-14 15:04:29,grace,203.0.113.5,Chrome,LOGIN_SUCCESS,/login,SUCCESS,0
2025-02-14 06:50:32,bob,10.0.0.5,Edge,LOGIN_SUCCESS,/login,SUCCESS,0
2025-02-14 22:17:43,david,172.16.0.8,Firefox,LOGIN_SUCCESS,/login,SUCCESS,0
2025-02-14 17:21:09,charlie,185.220.101.1,curl,FILE_ACCESS,/files/reports,SUCCESS,64509
2025-02-14 13:36:55,charlie,45.33.32.156,Chrome,LOGIN_FAILED,/login,FAIL,0
2025-02-14 08:14:18,alice,45.33.32.156,Unknown,FILE_ACCESS,/home,SUCCESS,180759
2025-02-14 07:23:05,david,192.168.1.20,PowerShell,LOGIN_SUCCESS,/login,SUCCESS,0
2025-02-14 17:50:17,frank,104.26.3.2,Firefox,PASSWORD_CHANGE,/api/v1/token,SUCCESS,0
2025-02-14 01:31:22,grace,198.51.100.77,Firefox,LOGIN_SUCCESS,/login,SUCCESS,0
2025-02-14 01:24:07,bob,104.26.3.2,PowerShell,LOGIN_SUCCESS,/login,SUCCESS,0
2025-02-14 08:56:47,grace,192.168.1.10,curl,LOGIN_FAILED,/login,FAIL,0
2025-02-14 01:47:41,david,203.0.113.5,curl,LOGIN_SUCCESS,/login,SUCCESS,0
2025-02-14 10:24:35,henry,10.0.0.5,Edge,LOGIN_SUCCESS,/login,SUCCESS,0
2025-02-14 05:10:43,henry,104.26.3.2,Chrome,LOGIN_SUCCESS,/login,SUCCESS,0
2025-02-14 21:18:55,charlie,45.33.32.156,Chrome,LOGIN_SUCCESS,/login,SUCCESS,0
2025-02-14 16:31:04,david,104.26.3.2,Edge,LOGIN_SUCCESS,/login,SUCCESS,0
2025-02-14 05:58:15,bob,192.168.1.20,Edge,LOGIN_SUCCESS,/login,SUCCESS,0
2025-02-14 03:06:21,grace,185.220.101.1,Firefox,LOGIN_FAILED,/login,FAIL,0
2025-02-14 13:51:26,alice,10.0.0.5,Chrome,API_KEY_CREATE,/payroll,SUCCESS,0
2025-02-14 05:15:53,charlie,192.168.1.10,curl,LOGIN_SUCCESS,/login,SUCCESS,0
2025-02-14 16:14:51,eva,10.0.0.5,Unknown,LOGIN_SUCCESS,/login,SUCCESS,0
2025-02-14 00:07:43,eva,192.168.1.10,Firefox,LOGIN_SUCCESS,/login,SUCCESS,0
2025-02-14 00:12:33,henry,172.16.0.8,Firefox,LOGIN_SUCCESS,/login,SUCCESS,0
2025-02-14 16:05:17,bob,192.168.1.10,Chrome,LOGIN_SUCCESS,/login,SUCCESS,0
2025-02-14 22:53:16,david,192.168.1.10,Edge,LOGIN_SUCCESS,/login,SUCCESS,0
2025-02-14 01:20:13,charlie,192.168.1.10,Chrome,LOGIN_FAILED,/login,FAIL,0
2025-02-14 03:11:35,alice,192.168.1.20,Chrome,LOGIN_SUCCESS,/login,SUCCESS,0
2025-02-14 10:21:14,charlie,104.26.3.2,Unknown,FILE_ACCESS,/vault,SUCCESS,100341
2025-02-14 03:23:26,eva,198.51.100.77,python-requests,LOGIN_SUCCESS,/login,SUCCESS,0
2025-02-14 15:33:30,bob,203.0.113.5,Edge,LOGIN_FAILED,/login,FAIL,0
2025-02-14 09:59:28,frank,185.220.101.1,Edge,LOGIN_SUCCESS,/login,SUCCESS,0
2025-02-14 22:17:03,alice,192.168.1.20,Unknown,LOGIN_FAILED,/login,FAIL,0
2025-02-14 17:36:34,eva,45.33.32.156,Chrome,LOGIN_FAILED,/login,FAIL,0
2025-02-14 20:56:25,frank,10.0.0.5,Firefox,LOGIN_FAILED,/login,FAIL,0
2025-02-14 23:00:18,henry,104.26.3.2,curl,FILE_ACCESS,/hr,SUCCESS,125019
2025-02-14 00:52:23,henry,192.168.1.20,python-requests,LOGIN_FAILED,/login,FAIL,0
2025-02-14 15:05:46,grace,192.168.1.10,python-requests,LOGIN_SUCCESS,/login,SUCCESS,0
2025-02-14 07:43:51,alice,172.16.0.8,python-requests,LOGIN_FAILED,/login,FAIL,0
2025-02-14 11:12:20,eva,185.220.101.1,Chrome,LOGIN_FAILED,/login,FAIL,0
2025-02-14 12:08:04,frank,45.33.32.156,python-requests,LOGIN_FAILED,/login,FAIL,0
2025-02-14 07:03:50,frank,198.51.100.77,PowerShell,API_KEY_CREATE,/files/reports,SUCCESS,0
2025-02-14 01:17:40,charlie,104.26.3.2,PowerShell,LOGIN_SUCCESS,/login,SUCCESS,0
2025-02-14 19:33:01,frank,104.26.3.2,Unknown,FILE_ACCESS,/api/v1/token,SUCCESS,119342
2025-02-14 02:02:22,eva,198.51.100.77,Chrome,LOGIN_FAILED,/login,FAIL,0
2025-02-14 12:04:39,frank,192.168.1.20,python-requests,DATA_EXPORT,/finance,SUCCESS,10465103
2025-02-14 19:27:08,charlie,45.33.32.156,PowerShell,LOGIN_SUCCESS,/login,SUCCESS,0
2025-02-14 11:13:27,frank,192.168.1.10,Firefox,LOGIN_SUCCESS,/login,SUCCESS,0
2025-02-14 08:39:08,frank,104.26.3.2,Chrome,FILE_ACCESS,/finance,SUCCESS,105822
2025-02-14 01:21:41,david,192.168.1.20,python-requests,LOGIN_SUCCESS,/login,SUCCESS,0
2025-02-14 18:12:23,charlie,172.16.0.8,curl,LOGIN_SUCCESS,/login,SUCCESS,0
2025-02-14 19:03:52,eva,198.51.100.77,python-requests,LOGIN_SUCCESS,/login,SUCCESS,0
2025-02-14 18:47:32,charlie,172.16.0.8,Firefox,LOGIN_FAILED,/login,FAIL,0
2025-02-14 19:01:04,bob,192.168.1.10,Edge,LOGIN_SUCCESS,/login,SUCCESS,0
2025-02-14 21:38:14,bob,198.51.100.77,Chrome,LOGIN_FAILED,/login,FAIL,0
2025-02-14 23:59:34,eva,192.168.1.10,Edge,LOGIN_FAILED,/login,FAIL,0
2025-02-14 07:38:24,frank,172.16.0.8,Firefox,LOGIN_SUCCESS,/login,SUCCESS,0
2025-02-14 16:03:37,bob,203.0.113.5,Chrome,LOGIN_SUCCESS,/login,SUCCESS,0
2025-02-14 22:40:50,bob,172.16.0.8,Chrome,LOGIN_FAILED,/login,FAIL,0
2025-02-14 05:09:14,eva,172.16.0.8,Edge,LOGIN_SUCCESS,/login,SUCCESS,0
2025-02-14 12:19:59,henry,192.168.1.10,PowerShell,LOGIN_SUCCESS,/login,SUCCESS,0
2025-02-14 01:50:13,bob,45.33.32.156,Firefox,LOGIN_SUCCESS,/login,SUCCESS,0
2025-02-14 21:42:14,henry,198.51.100.77,curl,LOGIN_SUCCESS,/login,SUCCESS,0
2025-02-14 19:25:24,bob,104.26.3.2,python-requests,LOGIN_FAILED,/login,FAIL,0
2025-02-14 17:02:57,bob,104.26.3.2,Firefox,LOGIN_SUCCESS,/login,SUCCESS,0
2025-02-14 08:08:53,charlie,203.0.113.5,Chrome,API_KEY_CREATE,/api/v1/token,SUCCESS,0
2025-02-14 03:05:00,alice,185.220.101.1,python-requests,LOGIN_FAILED,/login,FAIL,0
2025-02-14 03:05:07,alice,185.220.101.1,python-requests,LOGIN_FAILED,/login,FAIL,0
2025-02-14 03:05:14,alice,185.220.101.1,python-requests,LOGIN_FAILED,/login,FAIL,0
2025-02-14 03:05:21,alice,185.220.101.1,python-requests,LOGIN_FAILED,/login,FAIL,0
2025-02-14 03:05:28,alice,185.220.101.1,python-requests,LOGIN_FAILED,/login,FAIL,0
2025-02-14 03:05:35,alice,185.220.101.1,python-requests,LOGIN_FAILED,/login,FAIL,0
2025-02-14 03:05:42,alice,185.220.101.1,python-requests,LOGIN_FAILED,/login,FAIL,0
2025-02-14 03:05:49,alice,185.220.101.1,python-requests,LOGIN_FAILED,/login,FAIL,0
2025-02-14 03:05:56,alice,185.220.101.1,python-requests,LOGIN_FAILED,/login,FAIL,0
2025-02-14 03:06:03,alice,185.220.101.1,python-requests,LOGIN_FAILED,/login,FAIL,0
2025-02-14 03:06:10,alice,185.220.101.1,python-requests,LOGIN_FAILED,/login,FAIL,0
2025-02-14 03:06:17,alice,185.220.101.1,python-requests,LOGIN_FAILED,/login,FAIL,0
2025-02-14 03:06:24,alice,185.220.101.1,python-requests,LOGIN_FAILED,/login,FAIL,0
2025-02-14 03:06:31,alice,185.220.101.1,python-requests,LOGIN_FAILED,/login,FAIL,0
2025-02-14 03:06:38,alice,185.220.101.1,python-requests,LOGIN_FAILED,/login,FAIL,0
2025-02-14 03:06:45,alice,185.220.101.1,python-requests,LOGIN_FAILED,/login,FAIL,0
2025-02-14 03:06:52,alice,185.220.101.1,python-requests,LOGIN_FAILED,/login,FAIL,0
2025-02-14 03:06:59,alice,185.220.101.1,python-requests,LOGIN_FAILED,/login,FAIL,0
2025-02-14 03:07:06,alice,185.220.101.1,python-requests,LOGIN_FAILED,/login,FAIL,0
2025-02-14 03:07:13,alice,185.220.101.1,python-requests,LOGIN_FAILED,/login,FAIL,0
2025-02-14 03:07:20,alice,185.220.101.1,python-requests,LOGIN_FAILED,/login,FAIL,0
2025-02-14 03:07:27,alice,185.220.101.1,python-requests,LOGIN_FAILED,/login,FAIL,0
2025-02-14 03:07:34,alice,185.220.101.1,python-requests,LOGIN_FAILED,/login,FAIL,0
2025-02-14 03:07:41,alice,185.220.101.1,python-requests,LOGIN_FAILED,/login,FAIL,0
2025-02-14 03:07:48,alice,185.220.101.1,python-requests,LOGIN_FAILED,/login,FAIL,0
2025-02-14 03:07:55,alice,185.220.101.1,python-requests,LOGIN_FAILED,/login,FAIL,0
2025-02-14 03:08:02,alice,185.220.101.1,python-requests,LOGIN_FAILED,/login,FAIL,0
2025-02-14 03:08:09,alice,185.220.101.1,python-requests,LOGIN_FAILED,/login,FAIL,0
2025-02-14 03:08:16,alice,185.220.101.1,python-requests,LOGIN_FAILED,/login,FAIL,0
2025-02-14 03:08:23,alice,185.220.101.1,python-requests,LOGIN_FAILED,/login,FAIL,0
2025-02-14 03:08:30,alice,185.220.101.1,python-requests,LOGIN_FAILED,/login,FAIL,0
2025-02-14 03:08:37,alice,185.220.101.1,python-requests,LOGIN_FAILED,/login,FAIL,0
2025-02-14 03:08:44,alice,185.220.101.1,python-requests,LOGIN_FAILED,/login,FAIL,0
2025-02-14 03:08:51,alice,185.220.101.1,python-requests,LOGIN_FAILED,/login,FAIL,0
2025-02-14 03:08:58,alice,185.220.101.1,python-requests,LOGIN_FAILED,/login,FAIL,0
2025-02-14 03:10:00,alice,185.220.101.1,python-requests,LOGIN_SUCCESS,/login,SUCCESS,0
2025-02-14 03:11:00,alice,185.220.101.1,python-requests,PRIV_ESCALATION,/admin,SUCCESS,0
2025-02-14 03:12:00,alice,185.220.101.1,python-requests,FILE_ACCESS,/vault,SUCCESS,277708
2025-02-14 03:13:00,alice,185.220.101.1,python-requests,FILE_ACCESS,/vault,SUCCESS,296632
2025-02-14 03:14:00,alice,185.220.101.1,python-requests,FILE_ACCESS,/vault,SUCCESS,223309
2025-02-14 03:15:00,alice,185.220.101.1,python-requests,FILE_ACCESS,/vault,SUCCESS,284097
2025-02-14 03:16:00,alice,185.220.101.1,python-requests,FILE_ACCESS,/vault,SUCCESS,209198
2025-02-14 03:17:00,alice,185.220.101.1,python-requests,FILE_ACCESS,/vault,SUCCESS,228006
2025-02-14 03:19:00,alice,185.220.101.1,python-requests,DATA_EXPORT,/files/db_backup,SUCCESS,12057666
